Group.1,Group.2,Group.3,CLD,Context,A38B,A40B,A44B,A46B,A51B,A60B,A61B,A64B,A65B,A66B,A75B,A80B,A80B.1,A81B,A82B,A94B,A96B,A100B,A101B,A102B,A103B,A104B,A105B,A107B,A109B,A110B,A111B,A114B,A115B,A117B,A118B,A119B,A124B,A125B,A126B,A127B,A130B,A131B,A135B,A140B,A141B,A148B,A149B,A159B,A160B,A161B,A162B,A170B,A174B,A175B,A182B,A186B,A213B,A222B,A223B,A227B,A228B,A229B,A230B,A234B,A235B,A237B,A239B,A241B,A243B,A245B,A246B,A247B,A251B,A252B,A254B,A256B,A259B,A260B,A262B,A263B,A266B,A267B,A267B.1,A268B,A275B,A278B,A295B,A295B.1,A297B,A298B,A299B,A300B,A314B,A320B,A321B,A321B.1,A322B,A337B,A338B,A339B,A342B,A362B,A364B,A365B,A366B,A367B,A367B.1,A382B,A388B,A395B,A396B,A396B.1,A399B,A400B,A401B,A401B.1,A402B,A407B,A408B,A408B.1,A409B,A412B,A414B,A416B,A418B,A419B,A420B,A421B,A424B,A425B,A427B,A427B.1,A429B,A430B,A431B,A433B,A433B.1,A434B,A435B,A436B,A437B,A439B,A442B,A442B.1,A443B,A445B,A446B,A448B,A451B,A452B,A454B,A455B,A455B.1,A456B,A457B,B41B,B48B,B49B,B62B,B63B,B70B,B71B,B72B,B82B,B83B,B87B,B88B,B89B,B90B,B92B,B99B,B100B,B104B,B105B,B106B,B109B,B110B,B111B,B112B,B116B,B117B,B118B,B119B,B120B,B123B,B126B,B127B,B129B,B131B,B132B,B133B,B140B,B141B,B143B,B156B,B157B,B163B,B164B,B170B,B178B,B191B,B198B,B208B,B209B,B213B,B214B,B217B,B219B,B220B,B221B,B224B,B226B,B229B,B230B,B232B,B233B,B234B,B235B,B236B,B237B,B238B,B242B,B243B,B244B,B245B,B246B,B247B,B249B,B250B,B251B,B252B,B253B,B254B,B255B,B257B,B258B,B259B,B260B,B262B,B263B,B264B,B265B,B267B,B268B,B269B,B270B,B271B,B273B,B274B,B276B,B282B,B284B,B285B,B286B,B288B,B298B,B300B,B302B,B303B,B304B,B307B,B308B,B321B,B325B,B326B,B327B,B340B,B341B,B342B,B354B,B359B,B360B,B362B,B363B,B366B,B370B,B372B,B373B,B374B,B375B,B376B,B377B,B378B,B379B,B380B,B381B,B382B,B385B,B386B,B387B,B388B,B390B,B391B,B392B,B398B,B399B,B400B,B401B,B402B,B403B,B404B,B405B,B414B,B417B,B418B,B423B,B426B,B442B,B443B,B452B,B455B,B456B,B458B,B462B,B470B,B472B,B473B,B474B,B478B,B479B,B480B,B481B,B484B,B485B,B487B,B488B,B489B,B490B,B491B,B492B,B493B,B495B,B498B,B499B,E36G,E37G,E42G,E61G,E62G,E78G,E86G,E87G,E89G,E89G.1,E90G,E91G,E100G,E102G,E103G,E116G,E124G,E141G,E142G,E145G,E148G,E153G,E154G,E155G,E157G,E158G,E158G.1,E159G,E160G,E161G,E163G,E164G,E165G,E167G,E175G,E178G,E203G,E206G,E208G,E222G,E225G,E271G,E286G,E291G,E426G,E464G,E477G,E477G.1,E479G,E487G,E488G,E494G
GRC,am,T07,0.02,Med,0,0,0,0,0,0,0,0,4.67864359337777,0,0,0,0.966542750929368,0,0,0,0,0,3.81979155547511,0,4.89866099779988,0,0,0,0,0,0,0,0,8.89876321273236,1.090458488228,0,0,9.39997652513983,0,0,2.38290914976938,0,0,1.48698884758364,0,0,0,5.82754351000668,0,0,0,0,0,0,0,0,0,0,0,0,0,0,0,0,0,0,1.60995243322356,1.68313208927918,0,1.39041346505671,2.93760550180433,0,0,0,0,0,0,5.88365952831589,4.234881790898,0,7.76894477535153,0,0,0,0,0,0,0,0,0,0,0,0,0,1.06567534076828,0,0,0,0,0,0,0,4.53612043186414,0,0,0,0,0,0,0,5.35990282394851,0,0,0,0,0,0,0,0,0,0,0,0,0,1.86608122941822,2.50814115564961,0,0,0.768277571251549,0,0,0,0,0,0,0,0,0,0,0,0,0,0.718711276332094,0,0,0,0,0,0,0,0,13.2764623523267,0,0.941759603469641,0,0,0,0,0,0,0,0,0,0,0,0,0,4.82111379127542,0.350877192982456,0,0,0,0,0,0,0,0,0,2.04961856764592,0,0,0,0,0,0,0,0,0,0,0,0,0,0,0,0,0,0,0,0,0,0,0,0,0,0,0,0,0,0,0,0,0,0,0,0,0,0,3.69183563133004,0,0,0,0,0,0,0,0,0,2.74487100595679,0,0,57.3490293071727,0,0,0,0,0,0,0,0,0,0,0,0,0,0,0,0,0,0,0,0,0,0,0,0,0,0,0,0,0.687577529682793,0,0,0,1.44737727622104,0,0,4.12163276854533,0,0,0,0,0,0,0,0,0,0,0,0,0,0,0,2.82377871395692,0,0,0,0,0,0.354421407052986,0,0,0,0,0,0,0,0,0,0,18.7815067160281,0,0,0,0,0.776360092149566,0,0,0,0,0,0,0,0,0,0,0,0,0,0,0,0,0,0,0,0,0,0,0,0,0,0,0,0,0,0.69,0,0,0,2.53333333333333,0,0.903333333333333,0,8.67333333333333,4.19333333333333,1.20666666666667,0,0,0,0,0,0,0,0,0,0,73.8366666666667,0,0,0,0,5.94,0,2.02333333333333,0,0,0,0,0,0,0,0,0,0,0,0,0,0,0,0,0,0,0,0,0,0,0
GRG,am,T07,0,UnP,0,0,0,0,0,0,0,0,0,0,0,0.993190478924085,0,0,0,0,0,0,1.04118663923126,0,2.22752040846242,0,0,0,0,0.599952003839693,0,0,0,5.67776869737259,0,0,0,4.9221502600424,0,0,0,0,0,0,0,2.932246843428,0,4.41301310996691,0,0,0,0,0,0,0,0,0,0,0,0,0,0,0,0,0,0,0,2.17779633206627,0,0.560838819800049,0,2.65107439876807,3.76502771117901,0,0,0,0,0,0,0,13.2401715825052,0,0,0,0,0,0,0,7.72790621698365,0,0,0,0,0,14.1732940165806,0,0,0,0,0,0,0,1.19990400767939,0,0,0,0,0,0,0,0,0,0,0,0,0,0,0,0,0,0,0,0,0,3.29403898488302,0,0,0,0,0,0,0,0,0,0,0,0,0,0.633991709339186,1.05591552675786,0,1.13602031076724,0,0,0,0,0,0,0,0,25.5769919414232,0,0,0,0,0,0,0,0,0,0,0,0,0,2.42791369909203,3.1155869980597,0,41.5816422921886,3.40058959887251,0,0,0,0,0,0,0,0,0,0.468441814595661,0,0,0,0,0,0,0,0,0,0,5.25179010721419,0,0,0,0,0,0,0,0,0,0,0,0,2.05527153417972,0.964391691394659,0,1.13558548276649,0,0,0,0,0,0,0,0,0,0,0,0,0,0,0,0,0,0,0,0,0,2.03903562109083,0,1.11115012963906,0,3.64025535762361,0,0,0,0,0,0,0,0,0,0,0,0,0.726532984597501,0,0,0,0,0,0,1.53130651589907,0,0,0,0,0,0,0,0,3.79113823201563,0,0,0,0,0,0.493096646942801,0,0,0,0,0,0,0,0,0,0,0,2.03838853690486,0,0,1.06162098572507,0,0,0,0,0,0.739644970414201,0.568743818001978,0,0,0,0,0,0,0,0,0,20.0047367710517,0,0,0,0,0,0,0,0,0,0,0,0,0,0,0,0,0.791295746785361,0,0,0,0,1.06184046494478,0,0,0,0,0,0,0,0,0,0,0,0,0,0,0,0,0,7.48333333333333,0,0.283333333333333,0.8,4.92,0,7.17333333333333,0,0,9.14,0,0,0,0.42,0,0,0,0,23.8466666666667,0,0.34,1.77333333333333,0,29.3033333333333,0,14.2333333333333,0,0,0,0,0,0,0,0,0,0,0,0,0,0,0.283333333333333,0,0,0,0,0,0,0
RCA,am,T07,0,UnP,0,0,0,0,0,0,0,0,0,0,0,0,0,0,0,0,0,0,0,0,7.02899689499869,0,0,0,0,0,0,0,0,6.24380969993208,0,0,0,14.2605948395319,0,0,1.29729195248866,0,0,2.13677723686872,0,5.43690369583296,0,25.301052960886,0,0,0,0,0,0,0,0,0,0,0,0,0,0,0,0,0,0,0,0,0,2.70048883688736,0.594553126198696,1.15161687509404,0,0,0,0,0,0,5.86428955692587,0,8.38718102462317,0,0,0,0,0,0,0,0,0,0,0,0,0,0,0.498657460682777,0,0,0,0,0,1.32644944045845,2.10747623786551,0,0,0,0,0,0,1.05794157701387,0,0,0,0,0,0,0,0.681399631675875,0,0,0,0,2.38499578349223,1.41430016759216,0.441988950276243,0,0,0,0,0,0,0,0,0,0,0,0,1.9681084158677,0,0.498657460682777,0,0,3.52473030533776,0,0,0,0,0,0,0,0,3.21291650598717,0,0,0,0,0,0,0,0,0,0,0,0,0,0,0,26.5759635070963,0,0,0,0,0,0,0,0,0,0,2.010011154742,0,0.336862367661213,0,0,0,0,2.26345789754462,0,0.336862367661213,1.68350168350168,2.9666814223336,0,0,0,0,0,0,0,0,0,0,0,0,0,0,0,0,0,0,0,0,0,0,0,0,0,0,0,0,0,0,0,0,0,0,0,0,0,1.70772259716367,0,0,22.9285094891431,0,0,0,0,0,0,0,0,2.06293143747346,0,0,0,4.15431795778242,0,0,0,0,0,0,0,0.911071499306793,3.71186021065739,0,0,0,0,0,0,0,0.567142334431028,0.368944497914661,0,1.82777960868474,0,0,3.16077787827045,0,0,0,0,0,0,0,0,0,0,0,0,0.585437248444932,0,0,2.37296325871158,0,0,0,0,0,1.13302532200794,0,0,0,0,0,0,0,0,0,0,16.4331432453729,1.14710295313817,0,0,0,0.336862367661213,0,0,0,0,0,0,0,0,0,0,0,0,0,0,0,0.417067693294835,0,0,0,0,0,0,0,0,0,0,0,0,0,0.566666666666667,0,0,0,1.75666666666667,0,0.406666666666667,0,0.323333333333333,0,12.9866666666667,0,0,0,0,0,0,0,0,0,0,0,67.7733333333333,0,0,1.72666666666667,2.38666666666667,2.15333333333333,4.71,4.92,0,0,0,0,0,0,0,0,0,0,0,0,0,0,0,0.286666666666667,0,0,0,0,0,0
RGA,am,T07,0.04,UnP,0,0,0,0,0,0,0,0,1.92418074503095,0,0,0,0,0,0,0,0,0,0,0.43859649122807,0,0,0,0,0,0,0,0,0,8.49758537413832,0,0,0,54.4598367969289,0,0,0,0,0,0,0,0,0,0.591715976331361,0,0,0,0,0,0,0,0,0,0,0,0,0,0,0,0,0,0,0,0,0,0,12.407348013658,0,0,0,0,0,0,0,0,0,7.79762394697525,0,0,0,0,0,0,0,0,0,0,0,0,0,2.59063482631946,0,0,0,0,0,0,0,1.43446297292451,0,0,0,0,0,0,0,0,0,0,0,0,0,0,0,0,0,0,0,0,2.07264590598396,0,0,0,0,0,0,0,0,0,0,0,0,0,3.99836958419234,0.986193293885602,0,0,0,0,0,0,0,0,0,0,0,0,0.657894736842105,2.14291133556113,0,0,0,0,1.62939089627662,0,0,0,0,0,0,0,0,0,20.9349197749893,1.48268853539399,0,0,0,0,0,0,0,0,0,2.99061061484961,0,7.1116306160134,0,0,0,0,0,0,0,9.31106815277077,0,0,0,0,0,0,0,0,0.360117038037362,0,0,0,0,0,2.84216571661131,0,0,0,0,0,0,0,0,0,0,0,0,0,0,0,0,0,0,0,0,0,0,0,0,0,0,0,0.984516653791445,0,0,0.78775602070673,0.504668180671209,0,0,0,0,0,0,0,0,0,0,0,2.17530865740761,0,0,0,0,0,0,0,0,0,0,0,0,6.90273996870867,0,0,1.74099944722893,0,0,0,0,0,0,0,0,0,0,0,0,0,0,0,1.97987699522405,1.20076849183477,0,2.40687552744085,0,0,0,0,0,2.46766669060788,0,0,0,0,0,0,0,0,0,0,29.9967128617217,0,0,0,0,0,0,0,0,0,0,0,0,0,0,0,0,2.18951915971373,0,0,0,0,0,0,0,0,0,0,0,0,0,0,0,0,0,0.273333333333333,0,0,0,31.3233333333333,0,0,0,5,0,11.6433333333333,0,0,0,0,0,0,0,0,0,0,0,0,0,0,0,13.97,8.41333333333333,0,28.75,0,0,0,0,0,0,0.623333333333333,0,0,0,0,0,0,0,0,0,0,0,0,0,0,0
RMO,am,T07,0.25,Med,0,0,0,0,0,0,0,0,0,0,0,0,0.318531009930673,0,0,0,0,0,4.9613055562458,0,2.06595735070919,0,1.233876345176,0,0,2.72463403460581,0,0,0,0.993908524624015,0,0,0,2.08912158513124,0,0,0.78181569837172,0,0,0.800552816602936,0,2.63575112046365,0,6.96690629934443,0,0,0,0,0,0,0,0.262319655237025,0,0,0,0,0,0,0,0.393479482855537,0,0,0,0,0,0,3.49200500417192,0,0,0.262319655237025,0,0.299793891699457,1.53062453506145,0,0,0,10.0556618714488,0,0,0,0,0,0,0,6.81742339249451,0,0,0,0,0,16.3931040761578,0,0,0,0,0,0,0,0,2.12218972490408,0,0,0,0,0,0,0,0,0,0,0,0,0,0,0.299793891699457,0,0,0,0.449690837549185,0,0,1.80620451936975,0,0,0.524639310474049,0,0,0,0,3.26199529855673,0,0,0,0,0,1.45434452589355,0,0,4.99274360845264,0,0,0,0,0,0,0,0,20.0093063775317,0,0,0,0,0,0,0,0,0,0,0.706493502263092,0,0,1.79840412024767,0,15.7473342053213,0.598937592734652,0,0,0,0,0,0,0,0,0,2.60303647347404,0.251635631605435,0,0,0,0,0,0.335514175473914,0,0,0.587149807079349,1.31002728634454,0.364077669902913,0,0,0,0,0,0,0,0,0,0,0,0.251635631605435,0,0,0,0,0.311869381764814,0,0,0,0,0,0,0,0,1.51509846820975,0,0,0,0,0,0,0,0,0,0,0,2.485918124898,6.86811550809486,14.315186378146,0,0,0,0,0,0,0,0,0,0,0.623738763529628,0,0,0,2.77491108381793,0,0,0.301962757926522,0,0,0,10.0504784587197,0,0,0,0.545159755619378,0,0,0.366905155017428,0,3.26219680218585,0,1.3488783574991,0,0,1.99203170124827,0,1.16715125303643,0,0,0,0,0,0,0,0,0,0,0,0,0,1.67986148552795,0,0,0,0,0,0.656166375942005,0,0,0,0,0,0,0,0,0,1.47653721682848,11.2098545618718,0,3.60306476098645,0,0,6.80141086986133,0,0,0,0.364077669902913,0,0,0,0,0,0,0,0,0,0,0,0,0,1.72517901331305,0,0,0,0,0,0,0,0,0,0,0,0,0,0,0,1.76333333333333,1.52333333333333,0.56,2.52333333333333,0.826666666666667,0,9.29,0,3.12666666666667,0,0,0,0,0,0,0,0,0,14.9833333333333,0,0,0,15.25,24.4566666666667,15.6766666666667,9.35333333333333,0,0,0,0,0,0,0,0,0,0,0,0,0,0,0,0,0,0,0.666666666666667,0,0,0
RPE,am,T07,0.02,UnP,0,0,0,0,0,0,0,0,0,0,0,1.04725415070243,0,0,0,0,0,0,0,0,0,0,0,0,0,0,0,0,0,18.1129439821415,0,0,0,15.4805257074763,0,0,1.35376756066411,0,0,0,0,0,0,0,0,0,0.587484035759898,0,2.09450830140485,0,0,0,0,0,0,0,0,1.60919540229885,0,0,0,0,0.587484035759898,0,0,0,14.6536453995225,0,0,0,0,0,0.715197956577267,0,0,0,15.4984950758045,0,0,1.53256704980843,0,0,0,0,0,0,0,0,0,0,4.19887278582931,0,0,0,0,0,0,0,0.996168582375479,0,0,0,0,0,0,0,0.561941251596424,0,0,0,0,0,0,0,0,0,0,0,0,0,0,3.73688155922039,0,0,0,0,0,0,0,0,0,0,0,0,0,0,0,0,0,0,0,0,0,0,0,0,0,4.5355493612564,8.03140096618357,0,0,0,0,0.69910514541387,0,0,0,0,0.643176733780761,0,0,0,0,19.292728035057,0,0,0,0,0,0,0,0,0,0,0,0,7.41844411636181,0,0,0,0,2.00816638912718,0,0,0,0,1.06263982102908,0,0,0,0,0,0,0,0,0,0,0,0,0,0,0,0,0,0,0,0,0,0,0,0,0,0,0,0,0,0,0,0,0,0,0,0,0,3.53845832521095,0,17.1271252523057,0,0,0,0,0,0,0,0,0,0,0,0,0,0,0,0,0,0,0,0,0,0,0,0,0,0,0,0,0,8.30071351576003,0,0,0,0,0,0.978747203579418,0,0,0,0,0,0,0,0,0,0,0,0,1.17565698478562,0,0,0,0.671140939597315,0,0,0,0,0,0,0,0,0,0,0,0,0,0,17.822405927096,0,19.2614916108953,0,0,0,0,0,0,0,0,0,0,0,0,0,0,0,0,0,0,0,0,0,0,0,0,0,0,0,0,0,0,0,0,0,0.32,0,0,0,41.5966666666667,0,0,0,0,0,10.4333333333333,0,0,1.75,0,0,0,0,0,0,0,0,16.9066666666667,0,0,0,11.1633333333333,12.9,4.33666666666667,0,0,0.59,0,0,0,0,0,0,0,0,0,0,0,0,0,0,0,0,0,0,0,0
GRC,av,T07,1.04,Ext,0,0,0,0,0,0,0,0.342999688182102,0,0,0,0,0,0,0,0.965662742732941,0,0.743724417106787,10.2655779202589,0,3.06089900343953,0,0,0.674029243871319,0,0,0,0,0,0.26504521359526,0,0,0,1.25795285553237,0,0,0.915224261197838,0,0.249454318677892,3.23903734499815,0.311817898347365,1.64188932770714,0,9.30116338704644,1.88433036778965,0,0,0,0,0,0,0,0,0,0,0.805160288990883,0,0.35859058309947,0,0,0,0,0,0,0,0,15.42503780262,0,0,3.76027269658575,0,0.828037743115733,0,0,0,0,1.64132496925089,0,0,0,0,0,0,0,0.385133834007318,0.365877142306952,0,0,0,0,5.00730187305449,0,0,0,0,0,0,0.296227003429997,0,0,0,0,0,0,0,0,0,0,0,0,0,0,0,0.843673672391615,0,0,0,0,1.79832759297686,0,0.346620450606586,0,0,0,2.11828112139876,0,0,0,0,0,0,0,0,0,4.10414143963149,0,0,0,7.54373753570203,0,0,0,0,0,0,0,4.57866912482209,3.82893284819066,0,10.8458442873348,0,0,0,0,0,0,0,0,1.04370032207163,0,0,3.44129593526062,0,10.8097247494921,2.47940570625874,0,0,0,0,0,0,0,0,0,4.69626976995052,0,0,0,0,0,0,0,0,2.28972709371092,0,1.5186655011223,2.71247597444576,0,0,0,0,0,0,0,0,0,0,0,0,0,0,0,0,0.498604169229106,0,0,0,0,0,0,0,0,0.666416427833747,0,0,0,0,0,0,0,0,0,0,4.70381509613778,0,12.7678511630853,0,3.09215087266377,0,0,0,0,0,0,0,0.259909031838856,0,0,0,1.84504226065847,0,2.11967387524991,0,0.611382574416354,0,0,0,0,0,0,0,0,0.721676189624262,0,0,1.21226165592004,1.95065331340532,1.12075198843095,0,1.7086589570425,0,0,3.87327606679371,0,0,0,0,0,0,0,0,0,0,0.239005736137667,0,0,0,0,1.37402107932501,0,0,0,0,0,1.91306298209288,0,0,0,0,0.286806883365201,0,0.499225366723941,0,0,7.19912467101428,8.72459289108001,4.11896351637582,0,0,0,6.62837669988505,0,0,0,1.55547266544124,0,0,0,0,0,0,0,0,0,0,0,0,0,0.839947341640838,0.478011472275335,0,0,0,0,0,0,0,0,0,0,0.623333333333333,0,0.24,0,1.27333333333333,0,0,0,3.42333333333333,6.41,10.01,0,0,0,0,0,0,0,0,0,0,56.16,0,0,0,0,16.7433333333333,1.12333333333333,3.99333333333333,0,0,0,0,0,0,0,0,0,0,0,0,0,0,0,0,0,0,0,0,0,0,0
GRG,av,T07,0.01,UnP,0,0,0,0,0,0,0,0,0,0,0,0,0,0,0,3.38743210940112,0,0.501367365542388,10.9573328693657,0.283050283050283,8.91113699089998,0,1.01106732829613,0,0,0,0,0,0,0.875787840236336,0.366300366300366,0,0,7.17769448216121,0,1.06424233452492,0,0,0,0,0,1.75890472335322,0,4.77158435271471,0,0,0,0,0,0,0,0,0,0,0,0,0,1.34062957536066,0,0.24975024975025,0,0,0,0,0,0,10.6622139803544,0.273473108477666,0.829263329263329,0,0,0,0.243087207535703,0,0,0,3.3935831041574,0,0,0,0,0,0,1.96809178532059,0,0.516150516150516,0.266400266400266,0,0,0,5.38625406127685,0.950572267801074,0,0,0,0,0,0,0,0,0,0,0,0,0,0,0,0,0,0,0,0,0,0.449550449550449,0,0,0,0,0,0,4.51873357069346,0,0,0,0,0,0,0,0,0.349437860832574,0,0,0,0,0,0.455788514129444,0,0.673807673807674,3.59485064042949,0,0,0,0,0,0,0,5.448182375712,17.3642784171499,0,0,0,0,0,0,0,0,0,0,0.71468330588302,0,0,11.8118302532219,0,22.4493678057926,0,0,0,0,0,0,0,0,0,0,1.66369122273135,1.62668732730684,0,0,0,0,0,0.772744809380049,0,0.523864959254948,0.770267668014635,1.58476462446774,0,0,0,0,0,0,0,0,0,0,0,0,0.442903909108415,0,0,0,0,0,0,0,0,0,0,0,0,2.38677938300293,0,0,0,0,0,0,0,0,0,0.539187367610245,0,0,20.762380907176,0,4.10196387654566,0,0,0,0,0,0,0,0,0,0,0,0,0,0,1.82265246997166,0,0,0,0,0,0,0,0,0,0,0.291036088474971,0,0,0.310438494373302,0,4.05945034602693,0,2.28432358218999,0,0,0,0,0,0,0,0,0,0,0,0.869319696277809,0,0,0,0,0,0,0,0,0,0,0,0,0,0.950717889018238,0,0,0,0.504462553356616,0,0.485060147458285,0.481417292509147,0,0,1.96021233474697,0,0,0,0,15.4417435681331,0,0,0,0,0,0,0,0.388048117966628,0,0,0,0,0,0,0,0,0,0,0,0,0,0,0,0,0,0,0,0,0,0.246666666666667,0,0,0,0.163333333333333,0,0,0,1.01,0,5.43333333333333,0,1.1,0,0,0.266666666666667,0,0,0,0,0.56,0,13.4566666666667,0,0,0,21.1333333333333,31.3533333333333,24.1566666666667,0.66,0,0,0,0,0,0.46,0,0,0,0,0,0,0,0,0,0,0,0,0,0,0,0
RCA,av,T07,0.57,Med,0,0,0,0,0,0,0,0,0,0,0,0,1.02272340614874,0,0,0,0,0,0,0,0,0,0,0,0,0,0,0,0,0.705437840890777,2.35459478500372,0,0,2.62513639577142,0,0,0.309684684684685,0,0,1.99633829064393,0,1.09772796857518,0,8.13021288689366,1.12058911414841,0,0,0,0.622456025182116,0,0,0.267454954954955,0,0,0,0,0,3.26490612750155,0,0,0,0,0,0,0,0,42.5032891278467,0,0,0,0,0,0,1.77809818825217,0,1.03282527962669,1.96502055979004,2.01210798247405,0,0,0,0,0,0,0.225225225225225,0,0,0,0,0,2.59604231084592,0,0,0,0,0,0,1.56120548517344,2.59625778234866,1.22699326287356,0,0,0,0,0,0.270356234096692,0,0,0,0,0,0,0,0,0,0,0.674195222241416,0,0.985785683998932,0,0.225225225225225,0.302162849872774,0,0,0,0,0,0,0,0,0,0,0,0.581057524694945,0.45045045045045,0,0,0,2.92306012011319,0,0,0,0,0,0,0,0,12.5733790044508,0,0,0,0,0,0.143005720228809,0,0,0,0,0.506108202443281,0.260010400416017,0,1.239092495637,0,29.5700526101323,1.5069440473954,0,0,0,0,0,0,0,0,0,1.46814668398254,0,0.130005200208008,0,0,0,0,0,0,3.40636101872889,1.71606864274571,1.2739965095986,0,0,0,0,0,0,0,0.15600624024961,0.401396160558464,0.208008320332813,0.169006760270411,0,0,1.80509838194575,0,0.895061980489691,0,0,0.609758421750483,0,0,0,0,0,0,0,0,0,0,0,0,0,0,0.221008840353614,0,0,0,0.260010400416017,4.08735516114751,0.471204188481675,0,6.65560445944021,0,0,0.221008840353614,0,0,0,0.182007280291212,0,0,0,0,0.593368237347295,0,0.787668155940897,0,3.26919529413795,0,0,0,0.418848167539267,0,0,0,0,0.143005720228809,0,0,0,1.66406656266251,0.680628272251309,0,0.698080279232112,0,0,2.3250647303379,0,0,0,0.442017680707228,0,0,0,0,0,0,0,0.754030161206448,0,0,0.351014040561622,1.04712041884817,0,0,0,0,1.17004680187207,0.977312390924956,0,0,0,0,0,0,0,0,0,0,20.5681281615913,0,0,0,0,4.55899839382996,0,0.104004160166407,0,0,0,0,0,0.130005200208008,1.11804472178887,0.117004680187207,0.325013000520021,0,0,0,0,0,0,0,0,0,0,0,0.0910036401456058,0,0,0,0,0.104004160166407,0,0.363333333333333,0,0,0,0,0,0.44,0,0.286666666666667,0,12.1933333333333,0,0,0,0.213333333333333,0,0,0.156666666666667,0,0,0,0,71.9966666666667,0,0,3.79,4.99,3.27333333333333,1.96,0.336666666666667,0,0,0,0,0,0,0,0,0,0,0,0,0,0,0,0,0,0,0,0,0,0
RGA,av,T07,1.75,Ext,0,0,0,0.305654610290372,0,0,0,0,0,0,0,0,0,0,0,0,0,0,0,0,0,0,0,0,0,0,0,0,0,1.67912243097611,0,0,0,6.37600046404733,0,0,0,0,1.26230344457212,1.19811804502972,0,3.02153999764571,0,16.6045266640341,0,0,0,0,0,0,0,0.303465900015972,0,0,0,0,0,0,0,0,0,0,0,0,0,0.281363786825554,0,1.22694160511429,0,0,0,0,0,0,0.5092534846261,0,2.38801133146074,0,0.856952674459361,0,0,0.976562960349719,0,0,0,0.231711353856339,0,0,0,0,3.02957712861315,0,0,0,0.22075055187638,0,0,3.94817908852796,0,0,0,0,0,0,0,0,0,0,0,0,0,0,0.231711353856339,0,0,0,0.557169153049675,0,0.559186997466222,0,0,5.51307432824694,0,0,0,0,0,0,0,0,0,0,0,0,3.12434479782147,0,0,0,0,0,0,0,0,0,0,0,0,44.8662421636898,0,0.728235683548494,0,0,1.06962186578409,0,0,0,0,0,1.0731585711277,0,0,4.17274012628626,0,24.0713406743868,0,0,0,0,0,0,0,0,0,0,0,0,2.85874497835134,1.51638234497698,0,0,0,0,0,0.55513499873833,0,2.68786529742308,0.487408610885459,0,0,0,0,0,0,0.630835225839011,0,0,0,0,0,0,0,0,0,0,0,0,0,0,0,0,0,0,0,0,0.58036840777189,0,0,0,0,0,0,0,0,0,0,2.67915704958759,1.16073681554378,16.879922941614,0,0,0,0,0,0,0,0,0,0,0,0,0,0.582010582010582,0,4.75986469285985,0,0,0,0,2.13418336795871,0,0,0,0,0,0,0,20.4546172503638,0,0,0,0,0,0,0,0,0,0,0,0,0,0,0,0,0,0,0,0,0,0,0,0,0,0,0,5.20782982143581,0,0,0,0,0,0,0,0,0,2.4633647768492,2.05902790762069,0,0,0,0,1.9156836925851,0,0,0,0,0,0,0,0,0,0,0,0,0,0,0,0,0,0,0,0,0,0,0,0,0,0,0,0,0,0,0,0,0,2.12333333333333,0,0.28,0,2.07,0,2.4,0,0,1.05666666666667,0,0,0,0,0,0.26,0,0,0.466666666666667,0,0,45.7966666666667,41.9866666666667,0,3.35666666666667,0,0,0,0,0,0,0,0,0,0,0.193333333333333,0,0,0,0,0,0,0,0,0,0,0,0
RMO,av,T07,0.15,Med,0,0,0,0,0,0,0,0,0,0,0,0.707964601769911,0,0,0,0,0,0,0,1.39414646141104,0,0,0,0,0,3.40006735419252,0,0,0,3.73991283352766,8.75615726522508,0,0.722471350274041,2.30498564757861,0,0,0,0,0,0,0,4.67622486908967,0,6.39572094153625,0,0,0,0,0,0,0,0,0,0,0,0,0,0,0,2.93343141551404,0,0,0,0,0,2.41810942473667,0.672645739910314,3.04741472883066,0,0,0,0,0,0,0,0,11.3831322585638,0,0,0,0,0,0,0,6.10261911146867,0,0,0.707964601769911,0,0,19.6816560954027,0,0,0,0,0,0,0,0,0,0,0,0,0,0,0,0,0,0,0,0,0,0,0,0,0,0,0,0,0,2.14573667488466,2.68436578171091,0,0,0,0,0,0,0,0,0,0,0,0,0,0,0,0,0,0,0,0,0,0,0,0,11.7594911316884,4.36578171091445,0,0,0,0,0,0,0,0,0,0,0.668973471741638,0,0,0.715109573241061,0,27.9031725843196,3.56312024982068,0,0,0,0,0,0,0,0,0.484429065743945,0,0.622837370242214,0,0,0,0,0,0,0,0,0.983190612115446,2.59662813811382,0,0,0,0,0,0,0,0,0,0,0,0,3.1675496686113,0,0,0.438292964244521,0,0,0,0,0,0,0,0,0,0,0,0,0,0,0,0,0,0,0,0,0,2.4135434353295,0,4.31251142527439,4.08180896910863,0,0,0,0,0,0,0,0,0,0,0,0,0,0,4.13773557780419,0,0,0,0,0,0,13.1347903466673,0,0,0,0,0,0,0,0,0.438292964244521,0,0,0,0,0,1.4474488513713,0,0,0,0,0,0,0,0,0,0,0,0,0.530565167243368,0,1.51665300362043,0,0,0,0,0,3.17876322007423,0,0,0,0,0,0,0.438292964244521,0,0,2.19858156028369,12.1362494427898,0,6.61939904124946,0,0,1.64922296225817,0,0,0,0,0,0,0,0,0,0,0,0,0,0,0,0,0,0,0,0,0,0.622837370242214,0,0,0,0,0,0,0,0,0,0,0,5.11333333333333,10.3233333333333,0,0,3.42666666666667,0,6.52333333333333,0,4.32333333333333,0.466666666666667,0,0,0,0,0,0,0,0,0.513333333333333,0,0,0,20.7066666666667,0,32.68,15.5433333333333,0,0,0,0,0,0,0,0,0,0,0,0,0,0,0,0,0,0,0.383333333333333,0,0,0
RPE,av,T07,1.03,Ext,0,0,0,0,0,0,0,0,0,0,0,0,0,0,0,0,0,0,0,0,0,0,0,0,0,0.51464766429137,0,0,0,0,0.877948976660431,0,0,0,0,0,2.8456931147217,0,0,5.17804582638348,0,3.87374808202538,0,14.6697278956612,2.95027936523289,2.13694554483897,0,0,0,0,0,0,0,0,0,0,0,0,0,0,0,0,0,0,0,0.698458574181117,1.04140704060827,0,0,2.51838195164782,0,0,0,0,1.42322625979322,0,6.36154229058575,0,0,0,0,0,0,0,2.14064645020405,0,0,0,0,0,5.24832462413119,0,0,1.9838732464698,0.534441805225653,0,0,15.1714922202602,0.455265241488519,5.90552364714714,0,0,0,0,0,0,0,0,0,0,0,0,0,0,0,0,0,0,0.400337126000843,0,0.602119460500963,0.960954242752742,0,0,0,0,0,0,0,0,0,0,0,0,0.526759376316898,0,0,0,3.77378718573462,0,0,0,0,0,0,0,2.96102487174462,12.0482482716857,0,2.19714964370546,0,0,0,0,0,0,0,0,0,0,0,7.63753839646396,0,19.3416497906335,8.07768089245147,0,0,0,0,0,0,0,0,0,0,0,0,0,0,0,0,0,1.96254785222512,0,1.71383850891295,1.07416879795396,2.88407069103863,0,0,0,0,0,0,0,0,0,0,0,0,0,0,0,0,1.32955996822213,0,0,0,0,0,0,0,0,0,0,0,0,0,0,0,0,0,0,0,0,0.645410677136964,2.35666041812894,0,2.99631311628228,0,0,0,0,0,0,0,0,0,0,0,0.594988913609847,0,0.857017342324715,0,0,0,0,0,0,0,0,0,0,0,0,0,0,0,3.80501050405424,0,3.4760615034054,0,0,0,3.36817937578063,0,0,0,0,0,0,0,0,0,0.916711129149962,0,0,0,0,1.01991972364153,0,0,0,0,0,1.75144263804638,0,0,0,0,0,0,0,0,0,16.9819556624465,10.4947707917963,2.86677821999147,0,0,0,0,0,0,0,3.32123610966609,0,0,0,0,0,0,0,0,0,0,0,0,0,0,0,0.263244488318526,0,0,0,0,0,0,0,0,0.263244488318526,0,0,0,0,2.1,0,0,0,0,0,13.5033333333333,0,0,0,0,0,0,0,0,0,0,0,31.3966666666667,0,0,0,31.9966666666667,16.47,4.54,0,0,0,0,0,0,0,0,0,0,0,0,0,0,0,0,0,0,0,0,0,0,0
GRC,am,T14,0.01,UnP,0,0.513444672846114,0,0,0,0.534499514091351,0,1.55772711404843,16.513765571653,0,0,0,0,0,0,1.49496954475217,0,0.776604556816589,10.6903217131282,0,2.93527082698339,0,0,0,0,0.206511175898931,0,0,0,1.40124064234279,0,0,0,1.78025478968383,0,0,2.36759121739636,0,0,2.70917258473352,0,0,0,1.86383438257224,0,0,0,0,0,0,0,0,0,0,0,0.27455384999376,0,0,0,0,0,0,2.64603384087892,0,0,0.49659947268904,2.87800871815989,0,0,0,0.255102040816327,0,0,0,2.40241159848045,0,3.13594627628799,0,0,0,0,0.279397473275024,0,0,0,0,0,0,0,0,0,0,0,0,0,0.21865889212828,0,4.17385904117968,1.57947930790243,0,0,0,0,0,0,0,8.71750205997511,0,0,0,0,0.21865889212828,0,0,0.56576703527322,0,0,0,0,0,0,4.58273888338057,0,0,0.222304557243423,0,0,0,0,0,0,0,0,0,5.96088526317361,0,0,0,4.84340757380865,0,0,0,0,0,0,0,0,8.29699646873063,0,2.28694691985102,0.619533527696793,0,0,0,0,0,0,0,1.17007025482258,0,0,0,0,12.8298326154423,0.245098039215686,0,0,0,0,0,0,0,0,0,6.89491605977376,0,0,0,0,0,0,0,0,0,0,0,0,0,0,0,0,0,0,0,0,0,0,0,0,0,0,0,0,0,0,0,0,0,0,0,0,0,0,0,0,0,0,0,0,0,0,0,0,6.62036810290449,0,0,14.4695657413977,0,0,0,0,0,0,0,0,0,0,0,0,0.492716366752356,0,0,0,0,0,0,0,0,0,0,0,0,0,0,0,3.72995724557043,0.754248786061125,0,0,2.38617667091885,0,0,4.8051505918188,0,0,0,0,0,0,0,0,0,0,0,0,0,1.67392282673089,0,3.62683544843684,0,0,0,0,0,2.32893279428414,0,0,0,0,0.773676008535376,0,0,0,0,0,26.9674220083004,0,0,0,0,8.65839802073357,0,0,0,0,0.408496732026144,0,0,0,0,0,0,0,0,0,0,0,0,0,0,0,1.16421568627451,0,0,0,0,0,0,0,0,0.97,0,0.143333333333333,0,2.35666666666667,0,0.803333333333333,0,12.97,0,0.746666666666667,0,0,0,0,0,0,0.17,0,0,0,61.2666666666667,0,0,0,0,12.8,0,6.28333333333333,0,0,0,0,0,0.45,0,0,0,0,0,0,0,0,0,0,0,1.04333333333333,0,0,0,0,0
GRG,am,T14,0,UnP,0,0,0,0,0,0,0,2.71129717355434,5.88629910578357,0,0,0,0,0,0,0.433925049309665,0,0,2.49249868732185,0,0.414201183431953,0,2.72896366226338,0,0,0,0,0,0,10.1460614017065,0,0,0,23.9020248387036,0,0,0,0,0,0,0,1.44784892690452,0,5.88480558198332,0,0,0,0,0,0,0,0,0,0,0,0,0,0,0,0,0,0,0,0.493096646942801,0,0.396039603960396,7.46471309352787,0.710059171597633,0.313531353135313,0,0,0,0.313531353135313,0,0.313531353135313,0,10.2023999799763,0,0,0,0,0,0,0,1.06508875739645,0,0,0,0,0,2.73624424697658,0,0,0,0,0,0,2.21409127328267,5.03621863978214,0,0,0,0,0,0,0,0,0,0,0,0,0,0,0,0,0,0,0,0.744234186732283,0,0,1.31983908450017,0,0,0,0,0,0,0,0,0,0,0,1.12211221122112,0,0,0,0,0.462046204620462,0,0,0,0,0,0,0,0,9.04529722911453,0,0,0,0,0,0.443637830207703,0,0,0,0,0,0,0.685622101230087,1.68218640045846,0,21.5210644831624,2.07986049752817,0,0,0,0,0,0,0,0,0,3.70261026638443,0,0,0,0,0,0,0,0,0,0,2.71075842239982,0,0,0,0,0,0,0,0,0,0,0,0,1.18975599919339,2.38221639381149,0,0,0,0,0.483968542044767,0,0,0,0,0,0,0,0,0,0,0,0,0,0,0,0,0,0,2.18654833960339,1.25093619049388,0,0,3.70580720311153,0,0,0,0,0,0,0,0,0,0,0,0,0.43525571273123,0,0,0.830157884693175,0,0,0,0,0,0,0,0,0,0,0,0,5.12173067451013,0,0,3.37517435982487,0,0,3.21794618632866,0,0,0,0,0,0,0,0,0,0,0,0.652883569096844,0.746118168985683,0.825704541374977,0,4.81993865994237,0,0,0,0,0,1.91868072094147,0,0,0,0,0,0,0,1.53522174622232,0,0,31.4806184426792,0,0,0,0,1.01559666303954,0,0,0,0,0,0,0,0,0,0,0,0,0,0,0,0,0,0,0,0,0,0,0,0,0,0,0,0,0,17.3466666666667,0,0,0,3.13333333333333,0,0,0.713333333333333,0.936666666666667,0,1.67666666666667,0,0,5.39333333333333,0,0,0,0,0,0,0,0,3.58666666666667,0,1.2,11.4166666666667,0,31.8666666666667,0,22.7266666666667,0,0,0,0,0,0,0,0,0,0,0,0,0,0,0,0,0,0,0,0,0,0
RCA,am,T14,0,UnP,0,0,0,0,0,0,0,0.317693059628543,0,2.46823069403715,0,0,0,0,0,0,0,0,0.305474095796676,0,0.972813030336001,0,0,0,0,0,0,0,0,1.64054271389463,0,0,0,9.29992208711486,0,0,0,0,0.488758553274682,1.91259552009951,0,1.69892655024913,0,18.0206687378571,0,0,0,0,0,0,0,0.261682242990654,0,0,0,0,0,0,0,0,0,0,0,0,0,1.41440275333881,3.70234604105572,6.24222027961096,0,0,0,0,0,0,6.37584454143173,0,3.0665561129099,0,0,0,0,0,0.485981308411215,0,0,0,0,0,0,0,0.20772238514174,0,0,0,0,0,0,1.32224861420977,2.02166672862861,0,0.684261974584555,0,0,0,0,6.17057673509286,0,0,0,0,0,0,0,1.0153120147487,0,0,0,0,0.954334044929347,0,0,0,0,0,0,0,0,0,0,0,0,0.439882697947214,0,10.3106185382642,3.89784946236559,1.17757259467416,0.884735202492212,0,6.90382320654151,0,0,0,0,0,0,0,0,1.80345693093267,0,3.53128054740958,0,0,0,0,0,0,0,0,1.35252918761699,0,0,0,0,27.0351359149557,0,0,0,0,0,0,0,0,0,0,3.18237661575214,0,1.44072846438868,0,0,0,0,2.28869785600791,0,0,4.45177920133755,0,0,0,0,0,0,0,0,0,0,0,0,0,0,0.352941176470588,0,0,0,0,0,0,0,0,0,0,0,0,0,0.470588235294118,0,0,0,0,0,0,0,0.85721283370071,1.31547507466977,2.45347529006681,0,0,20.5812017698699,0,0,0,0,0,0,0.892213099388895,0,0,0,0,0,0,0,0,0,0,0,0,0,1.12662258143522,1.20925030305302,0,0,0,0,0,0,0,2.0436531059362,0,1.17647058823529,1.07686924355466,0,0,2.53562320278838,0,0,0,0,0,0,0.46738899511366,0,0,0,0,0.431372549019608,0,0.403654132143616,0,2.09930182911463,0,0,0,0,0,1.10730287706559,0,0,0,0,0,0,0,0.382409177820268,0,0,13.2223814147593,1.22502197058103,0,0,0,4.81832330985976,0,0,0,0,0,0,0,0,0,0,0,0,0,0,0,0,0,0,0,0,0,0,0,0,0,0,0,0,0,0.206666666666667,0,0,0,5.16333333333333,1.22333333333333,0.486666666666667,0.263333333333333,2.22333333333333,0,6.58333333333333,0.66,0,0,0,0,0,0,0,0,0,0,12.09,0,0,0,13.49,0.486666666666667,12.6966666666667,44.4233333333333,0,0,0,0,0,0,0,0,0,0,0,0,0,0,0,0,0,0,0,0,0,0
RGA,am,T14,0.04,UnP,0,0,0,0,0,0,0,0,4.03166870800354,0,0,0,0,0,0,0,0.555820231856439,0,0.713330361123495,1.2221906989774,0,0,0,0,0,0,0,0,0,19.2838815742798,0,0,0,28.7233111477536,0,0,0,0,0,0,0,0.50936329588015,0,1.70068263543047,0,0,0,0,0,0,0,0,0,0,0,0,0,1.57634543290634,0,0,0,0,0,0,0,0,15.0106856703983,0,0,0,0,0,0,0,0,0,4.34173453038909,0.445831475702185,0,0,0,0.682864856280769,0,0,0,0,0,0,0,0,0,0,0,0,0,0,0,0,3.97437839006622,0,0,0,0,0,0,0,0,0,0.584269662921348,0,0,0,0,0,0,0,0,0,0,2.06537431471199,0,0,0,0,0,0,0,0,0,0,0,0,0,11.5260703342908,0,0.889312370970303,0,0,0,0,0,0,0,0,0,0,0,1.00047641734159,1.16240789071619,0,0,0,0,1.69000297196752,0,0,0,0,0,0,0,0,0,36.9252785503445,0,0,0,0,0,0,0,0,0,0,3.9099499954734,0,1.56942023132964,0,0,0,0,0,0,0,4.6039058743233,2.11368180519852,0,0,0,0,0,0,0,0.67476383265857,0,0,0,0,0,4.32791125712153,0,0,0,0,0,0,0,0,0,0,0,0,0,0,0,0,0,0,0,0,0,0,0,0,0,0,0,0,0,0,0,0,0,0,0,0,0,0,0,0,0,0,0,0,0,0,0,0,0,0,0,0,0,0,0,0,7.33811599589643,0,0,1.65357613267233,0,0,0,0,0,0,0,0,0,0,0,0,0,0,1.417004048583,2.28186035516946,0,1.04588394062078,0.742644958583262,0,0,0,0,0,1.11749680715198,0,0,0,0,0,0,0,0,0,0,26.1641236266713,0,0,0,0,0,0,0,0,0,0,0,0,0,0,0,2.42437961623457,0,0,0,0,0,0,0,0,0,0,0,0,0,0,0,0,0,0,0.43,0,0,1.84,19.1366666666667,0.456666666666667,0,0,2.77333333333333,0,5.99666666666667,0,0,0.723333333333333,0,0,0,0,0,0,0,0,0,1.00666666666667,0.456666666666667,0,21.8266666666667,4.28333333333333,18.8966666666667,6.36333333333333,0,0,0,0,0,0,5.47,0.92,1.21333333333333,0,0,5.49333333333333,0,0,0,0,0,0,0,0,2.12,0.6
RMO,am,T14,0.11,Med,0,0,0,0,0,0,0,0,0,0,0,0,0,0,0,3.18459785746151,0,2.83177422501546,31.2885064184568,0,0,0,0,0,0,1.02254490155736,0,0,0,0,0,0,0,1.33802556409748,0.338933097553787,0,0.653290344172053,0,0,1.87503069114703,0,1.4076910509648,0,7.59384767808018,0,0,0,0,0,0,0,0,0,0,0,0,0,0,0,0,0,0,0,0,0,0.324196875921014,0,2.36933881995255,0,1.89981194389776,0,0,0,0,0.545240200412614,0.186150409530901,10.8395364896433,0,0,0,0,0,0,0,0,0,0,0,0,0,0.223380491437081,0,0,0,0,0,0,0.503368702459775,0,0.555305417979889,0.486295313881521,0,0,0,0,0,0.553562091317015,0,0,0,0,0,0,1.36987810139078,0.446760982874162,0,0,0,0,0,0.742795805597588,0.210970464135021,0,0,2.41879765128882,0,0,0,0,0,0,0,0,0.658488557428142,0,0.250515767757147,0,0,15.6626879776797,0,0,0,0,0,0,0,5.84440541033326,2.37427069657554,0,0,0,0,0,0,0,0,0,0.94577835545635,1.09975736377868,0,0,0.218848310764601,0,9.61009893342977,0,0,0,0,0,0.319488817891374,0,0,0,0,17.415625194262,0,0,0,0,0,0,0,0,1.11543423251215,0,0.636645162023351,0,0,0,0,0,0.142298114549982,0,0,0,0,0,0,0,0,0,0,0,0,0.218848310764601,0,0,0,0,0,0,0,0.731617269596205,0,0,0.723706374457025,0,0,0,0,0,0,0,0,7.94878929865556,1.3405824651287,4.92604956497588,0,0,0,0,0,0,0,0,0,0,0,0.154156290762481,0,0,0,0,0,0,0,0,0,0.218848310764601,0,0,0,3.70116303691902,0,0,0,0,0.605629269737972,0,0.924287778917884,0,0,1.28954657386989,0,0,0,0,0,0,0,0,0,0,0,0,0,0,0.252928647497338,0.300916427301327,0,0,0,0.213447171824973,1.29180260028526,0,0.359424920127795,0.687774220324914,0,0,1.7147597463715,0,0,1.16523974516,0,0,11.7858490013805,0,0,0,0,26.8252663156948,0,0,0,0,0,0,0,0.882865844626068,0,0.232526330187389,0,0,0,0,0,0,0,0,0,0,0,0,0,0,0,0,0,0,0,0,0,0,0,0.33,0,0,0.386666666666667,0,0,5.36666666666667,0.22,0.236666666666667,0,0,0,0,0,0,0,0,0,0.316666666666667,0,0,0,7.85333333333333,43.5833333333333,23.67,1.06333333333333,0,0,16.6533333333333,0,0,0,0,0,0,0,0,0,0,0,0,0,0,0,0.316666666666667,0,0,0
RPE,am,T14,0.01,UnP,0,2.98682462429984,0,0,0,0,0,0,5.61645238366139,0,0,0,0,0,0,0,0,0,0,0,0,0,0,0,0,0,0,0,0,5.18122286838801,0,0,0,11.4959438146849,0,0,1.44830659536542,0,0,0.71301247771836,0,0,0,3.35200985399267,0,0,0,0,0,0,0,0,0,0,0,0,0,0,0,0,0,0,2.65293383270911,0,1.19148936170213,0.646167557932264,38.2788400663694,0,0,0,0,0,0,0,2.84457845033565,0,6.74493369236798,0,0,0,0,0,0,0,0,0,0,0,0,0,0,0,0,0,0,0,0,1.02495543672014,2.71836007130125,0,0,0,0,0,0.958110516934046,0,0,0,0,0,0,0,0,0,0,0,0,0,0,0,0,0,0,0,0,0,0,0,0,0,0,0.846702317290553,0,0,0,0,0,0,0,0,0,0,0,0,0,0,0,2.41709333636743,0,0,0,0,0,0,0,0,0,0,0,0,0,2.95475530932595,0,53.8423018947029,7.34767025089606,0,0,0,0,0,0,0,0,0,0,0,0,0,0,0,0,1.64874551971326,0,0,0,0,0,0,0,0,0,0,4.15486307837583,0,0,0,0,0,0,0,0,0,0,0,0,0,0,0,0,0,0,0,0,0,0,0,0,0,0,0,0,0,0,0,0,0,0.931899641577061,0,0,0,0,0,0,0,0,0,0,0,0,0,0,0,0,0,0,0,0,0,1.11111111111111,0,0,0,0,0,0,0,16.4560166510439,0,0,1.25448028673835,0,0,0,0,0,0,0,0,0,0,0,0,0,0,0,0,0,1.25448028673835,0,0,0,0,0,0,0,0,0,0,0,0,0,0,0,0,9.0436759697773,0,0,0,0,0,0,0,0,0,0,0,0,0,0,0,0,0,0,0,0,0,0,0,0,0,0,0,0,0,0,0,0,0,0,0,0,0,0,0,2.15666666666667,0,0,0,0.596666666666667,0,8.19666666666667,0,0,0,0,0,0,0,0,0,0,0,5.47666666666667,0,0,0,61.0233333333333,4.44333333333333,15.86,0,0,0,0,0,0,0,0,0,0,0,0,0,0,0,0,0,2.24666666666667,0,0,0,0,0
GRC,av,T14,0.4,Med,0,0,0,0,0,0,0,0,0,0,0,0,0,0,0,2.52139810540529,0,1.68625773747068,18.9395031443549,0,2.35500697764849,0,0,0,0,0,0,0,0,0,0,0,0,0,0,0,1.40411982280805,0,0,1.65935541946324,0,0.898849827421256,0,4.08954469376751,0.213675213675214,0,0,0,0,0,0,0,0,0,0,0,0,0,0,0,0.1661918328585,0,0,0,0,0,13.2679750783974,0,0,0,0,0,0,0,0,0,0,0,0,0,0,0,0,0,0,0,0,0,0,0,0,0,0,0,0,0,0,0,0,0,0,0,0,0,0,0.296771130104463,0,0,0,0,0,0,0,0.846314512082706,0.48670465337132,0,0,0,0,0,0.91619571403938,0.267877940833916,0.379867046533713,0,0,0,0,0,0,0,0,0,0,0,0,0,0,0,6.83556776324072,0,0,0,0,0,0,0,19.3375868914952,0,0,23.431236495028,0,0,0,0,0,0,0,0,3.08643961729321,0,0,6.14205867623486,0,23.0451460283641,8.67572459598252,0,0,0.415721844293273,0,0,0,0,0,0,2.67435850965114,0,0,0,0,0,0,0,0,0,0.81254724111867,2.33462284314753,0.302343159486017,0,0,0,0,0,0,0,0,0,0,0,0,0,0,0,0.359032501889645,0,0,0,0,0,0,0,0.491307634164777,0,1.41814234755146,0,0,0,0,0,0,0,0,0,0,19.6302747197452,1.17416829745597,14.8418624153887,0,0,0,0,0,0,0,0,0,0,0,0,0,0,0,0.978214725768542,0,0,0.359032501889645,0,0.264550264550265,0,0,0,0,0,0,0,0,0.45662100456621,1.93314735966329,1.0219612959339,0,2.88664418386081,0,0,0,0,0,0,0,0,0,0,0,0,0,0,0,0,0,0,0,0,0,0,0,0,2.44735159593879,0,0,0,0,0,0.321239606953893,0,0,0,0.815653506455855,0.478364861926506,0,1.52582621257388,0,0,0,0,0,0,0,0,0,0.824195736133114,0,0,0,0,0,0,0,0,0,0,0.283446712018141,0,0,0,0,0,0,0,0,0,0,0,0.196666666666667,0,0,0,0,0,0,0,3.48333333333333,5.72,2.60666666666667,0,0,0,0,0,0,0,0,0,0,82.6466666666667,0,0,0,0,3.58666666666667,0,1.75333333333333,0,0,0,0,0,0,0,0,0,0,0,0,0,0,0,0,0,0,0,0,0,0,0
GRG,av,T14,0.01,UnP,0,0,0,0,0,0,0,0,0,0,0,0,0,0,0,1.84464426680051,0,1.75994590884552,19.7485614637072,0.429971738717267,4.92917797003784,0,0,0,0,0,0,0,0,0,0,0,0,1.09280495134459,0,0,0,0,0,0,0,0.902849410471405,0,2.91463898585347,0,0,0,0,0,0,0,0,0,0,0,0,0,0,0,0,0,0,0,0,0,0,4.29650526676148,1.9656389081336,0,0,0,0,0,0,2.47310378341509,0,1.84037489457115,0,0,0,0,0,0,0,0,0,0,0,0,0,0,0,0,3.33062934807498,0,0,0,27.1690001562641,0,0,0,0,0,0,0,1.06465233333864,0,0,0,0,0,0,0,1.41730168491698,0,0,0,0,0,0,0.5056717233839,0,0,0,0,0,0,0,0,0,0,0.288004007012271,0,0.981875189350211,0.580407641045412,0.200350613573754,0.956754688097972,0,13.7600970470792,0,0,0,0,0,0,0,5.54703801920343,0,0,0,0,0,0,0,0.748473626114652,0.327485380116959,0,0.758316301873169,1.25351240346924,0.222222222222222,0,24.4087251860677,0,7.66474118462961,0,0,0,1.44499237858301,0,0.783625730994152,0,0,0,0,14.6906857865575,0,0,0,0,0,0,0,0,0,0.187134502923977,0.342962669832476,0,0,0,0,0.154884389866136,0,0,0,0,0,0,0,0,0,0,0,0,0,0,0,0,0,0,0,0,0.654970760233918,0.342958291846443,0,0,0.433055201340002,0,0,0,0,0,0.254452926208651,0,0,16.2441676068757,0,0.760643551688451,0,0,0,0,0,0,0,0,0,0.177010731275584,0,0,0,0.16594756057086,0,0,0,0,0,0,0,0,0,0,0,3.10715361604353,0,0,0.53705288777869,1.05395066613903,0.132758048456688,0,1.84275178954192,0,0,0.663790242283438,0,0,0,0,0,0,0,1.20245195236944,0,0,0,0,0,0,0,0,0,0,0,0.353714799222861,0.154884389866136,0.979290331090885,0.177010731275584,0,0,0,0.818674632149574,0,0,1.46087504061859,0,0,0.464653169598407,0,0,0,0,13.4294026913727,0,0,0,0,0,0.320831950436995,0,0.420400486779511,0,0.859384181685603,0,0,0,0,0,0,0,0,0,0,0,0,0,0,0,0,0,0,0,0,0,0,0,0,0,0,0,0,0,3.05666666666667,0,0,0,0,0,0,0,0,0,0,0,0.446666666666667,0,0,0,11.7766666666667,0,84.7133333333333,0,0,0,0,0,0,0,0,0,0,0,0,0,0,0,0,0,0,0,0,0,0,0
RCA,av,T14,0.24,Med,0,0,0,0,0,0,0,0.434216239687364,2.69214068606166,0.244840853445261,0,0,0,0,0,0,0,0,0,0,0.586689631074932,0,0,0,0,0,0,0,0,1.78028658271819,0,0,0,10.4955179565314,0,0,0,0,0.443045353853329,1.34729586595308,0,0,0,5.49951892589616,0,0,0,0,0,0,0,0,0,0,0,0,0,0,0,0,0,0,0,0,0,0,38.0310384608514,0.535533362281083,0,0,0,0,0.622376610218556,0,1.32131544864212,1.87952853107295,2.7153791988143,0.419742365031119,0,0,0,0,0,0,0,0,0,0,0,0,1.45394587590059,0,0,0,0,0,0,1.02426684110854,2.34632658239369,0,0.37222436144269,0,0,0,0,5.21879556365631,0,0,0,0,0,0,0,0,0,0,0,0,0,1.18685772181213,0,0,0,0,0,0,0,0,0,0,0,1.00115517905275,0,3.80662903459256,5.70505182413103,0.796063106093501,0,0,2.00843845031727,0,0,0,0,0,0,0,0,2.38615712808792,0,3.6456222592781,0,0,0,0,0,0,0,0,0.263019463440295,0,0,3.93509098555099,5.92670524285464,13.2858715675144,0.900589101795069,0,0,0.195812622382889,0,0,0,0,0,0,7.31354359082715,0,0.898674946673404,0,0,0,0,2.4866484992035,0,1.27374693555711,0,1.28167267145702,0,0,0,0,0,0,0,0,0,0,0,0.997241671971144,0,0.286187678867299,0,0,0,0,0,0,0,0,0,0,0,0,0.718763606499667,0,0,0,0,0,0,0,0,0,0,0.875408325930835,0.47343503419253,0.895185297786445,0,1.59134309357097,0,0,0,0,0,0,0,0,0,0,0,0,0,2.01653801730628,0,0.994596409385302,0,0,0,0,0.271125169453231,0,0,0,1.53289070935095,0,5.40789796934041,0,0.403140250371313,0,0,0.650295799496619,0,0,2.95697631910791,0,0,0,0,0,0,0,0,0,0,0,0,0.301250188281368,0,0,0.841256970725136,0,0,0,0,0,0.406687754179846,0.543573557776609,0,0,0,2.01582135970265,0,0,0,0,0.647687904804941,12.5527531921525,0,0,0,0,23.9127914624523,0,0,0,0.195812622382889,0,0,0,0.52402636644336,0,0.225937641211026,0,0,0,0,0,0,0,0,0,0,0,0,0,0,0,0,0,0,0,0,0,0,0,0,0,1.24,0.226666666666667,0,0,12.06,0,0,0,0,0,0,0,0,0,0,0,31.12,0,0,0,24.04,7.84666666666667,7.29666666666667,4.70333333333333,0.376666666666667,0,10.8066666666667,0,0,0,0,0,0,0,0,0,0.28,0,0,0,0,0,0,0,0,0
RGA,av,T14,1.64,Ext,0,0,0,0,0,0,0,0,0,0,0,0,0,0,0.512820512820513,0,0,0,0,0,0,0.450919181408255,0,0,0,0,0,0,0,4.35578680537785,0,0,0,5.61295633557095,0,0,1.5697243651609,0,2.80774122397431,1.79321753515302,0,6.7646179384923,0,16.9113691116651,0,0,0,0,0,0,0,0.450919181408255,0.841968911917098,0,0,0,0,2.62224033714493,0,0,0,0.461538461538462,0,0,0,2.72870668253554,0,6.22251104256841,0,0,0,0,0,0,1.85711109332337,0,4.41324481951689,0,0,0,0,0,0,0,0,0,0,0,0.433576135969476,0,0.963739694228768,0,0,0,0,0,0,3.74569245248266,0,0,1.98086887206058,0,0,0,0,0.52991452991453,0,0,0,0,0,1.31692573402418,0,0,0,0,2.34007744394431,0,0.589663544918488,0.52991452991453,0.676378772112383,3.19529693104823,0,0,0,0,0,0,0,0,0,0,0,0,4.63172159368371,0,0,0,0,0.444444444444444,0,0,0,0,0,0,0,17.8108156457081,0,0.433576135969476,0,0,0,0,0,0,0,0,0,0,0,3.07125295588199,0,25.9481948224405,1.33613379087287,0,0,0,0,0,0,0,0,2.84863442477926,2.10905349794239,0,0,0,0,0,0,0,0,0,0.851970181043663,1.34479717813051,0,0,0,0,0,0,0,0,0,0,0,0,0,0,0,0,0,0,0,0,0,0,0,0,0,0,0,0,0.551146384479718,0,0,0,0,0,0,0,0,1.43347363794648,0,0.749559082892416,0.638977635782748,27.7061228782919,0,0,0,0,0,0,0,0,0,0,0,0,0,0.905218317358892,0,0,0,0,0,0,0,0,0.374779541446208,0,0,0,0,0,6.3406838300342,0,0,0,0,0,0,0.668724279835391,0,0,0,0,0,0,0,0,0,0,0,0,0,0,1.24559082892416,0,0,0,0,0,2.57618380843443,0,0,0,0,1.64976484420929,0,0,0,0,0,5.01399993989628,0,0.396825396825397,0,0,12.2389127425514,0,0,0,0,0,0,0,0,0,0,0,0,0,0,0,0,0,0,0,0,0,0,0,0,0,0,0,0,0,0,0,0,0,3.86666666666667,0,0,0,0.736666666666667,0,3.36,0,0,0,0,0,0,0,0,0,0,0,0.343333333333333,0,0,6.47,68.2833333333333,0,6.86666666666667,4.93333333333333,0,0,4.88333333333333,0,0,0,0,0,0,0.26,0,0,0,0,0,0,0,0,0,0,0,0
RMO,av,T14,0.12,Med,0,0.28022978842651,0,0,0,0,0,0.420344682639765,4.13338937929102,0,0,0,0,0,0,0.420344682639765,0,0.350287235533137,4.09135491102704,0,0.798654897015553,0,0,0,0,0,0,0,0,1.91419358025261,5.05970678615128,0,0,3.62843915912759,0,0.615812475168852,0.812666386436878,0,0,1.12091915370604,0,0.73360843649702,0,7.18170823600608,0,0,0,0,0,0.635677393722686,0,0.61898211829436,0,0,0,0,0,0,0,0.664832645575424,0,0,1.97562000840689,0,0,5.32081619435622,3.07719868118542,0,0,0,0,0,0,0,0.99481574891411,0,6.18640236877417,0,0,0,0,0,0,0,1.1124354390147,0,0,0,0,0,20.4407552713078,0,0,0,0,0,0,2.22782681799075,0.294241277847835,0,0,0,0,0.913786253476361,0,0,2.98444724674233,0,0,0,0,0,0,0,0,0,0,0,0.615812475168852,0,0,1.44691274079959,0,0,0.28022978842651,0,0,0,0,0,0,0,0,0,2.1998038391481,0,0,0,1.76544766708701,0,0,0,0,0,0,0,0,13.8976528262475,0,0.784643407594227,0,0,0,0,0,0,0,0,0.427578834847675,0,0,0.730447176198112,0.698856416772554,25.0483361885355,2.79616010011171,0,0,0,0,0,0,0,0,0,4.70400231245213,0,0,0,0,0,0,0,0,0,0,2.33261501920122,0,0,0,0,0,0,0,0,0,0,0,0,0,3.38905284296494,0,2.30528122123411,0,0,0.519155030433226,0,0,0,0,0,0,0,0,0,0,0,0,0,0,0,0,0,0,1.25450742750707,0.481026189203634,0,3.27061077402833,0.519155030433226,0.825921219822109,0,0,0,0,0,0,0,0,0,0,0,0,2.00344951624598,0,0,0,0,0,0,12.0891574668873,0,0,0,1.0542313637036,0,0,0,0,0,0,1.08917403074763,0,0,1.87487693043405,0,0,0,0,0,0,0,0,0,0,0,0,0,0,0,2.71634573830499,0,0,0,0,0,3.39620677182328,0,0,0,0,0.733977801646975,0,0,0,0,0,17.4698574707869,0,1.26793466831161,0,0,7.00208245736217,0,0,0,0,0,0,0,0,0,0,0,0,0,0,0,0,0,0,0,0,0,0,0,0,0,0,0,0,0,0,0,0,0,2.63333333333333,18.0466666666667,0,2.16333333333333,3.20333333333333,0,1.07,0.643333333333333,0,11.99,0,0,0,0,0,0,0,0,0,0.403333333333333,0,0,9.27333333333333,4.43333333333333,6.32,23.6766666666667,0,0,16.15,0,0,0,0,0,0,0,0,0,0,0,0,0,0,0,0,0,0,0
RPE,av,T14,0.51,Med,0,0,0,0,0,0,0,0,0.237786424556853,0,0,0.183744055339386,0,0,0,0.607886713429349,0,0.216169476869866,5.28331855063364,0.172935581495893,4.17508915318078,0,0,0,0,0.389105058365759,0,0,0,0,0,0.162127107652399,0,0.340264650283554,0,0,2.03880339774876,0,0.248594898400346,3.29447709769198,0,1.66388538569072,0.410722006052745,10.5456403252457,0.281020319930826,0.162127107652399,0,0,0,0,0,0.302457466918715,0,0,0,0,0,0.922239678454942,0,0,0.714086696535747,0,0,0,0,0,19.0336843717853,0,0,0.464764375270212,0,0,0,0,0.172935581495893,0,0.456522195078136,0,0,0,0,0,0,0,0,0,0,0,0,0,0,0,0.302457466918715,0.3528670447385,0,0,0,4.00207859164726,0,1.08278119988704,0.259403372243839,0,0,0,0,0.667732185101137,0,0,0,0,0,0,0,0.527222025135724,0,0,0,0,0,0,0,0,1.0419043294058,0,0,0,0,0,0,0,0,0,0,0.417885943853498,0,0,0,0,7.57340904941602,0,0,0,0,0,0,0,4.71680243813438,0,0,26.5750686777582,0,0,0,0,0,0,0,0,2.67213702554734,0,0,7.58978218873786,0,27.0183232871725,10.7801437651943,0,0,0,0,0,0,0,0,0.309214594928881,0.321905681635281,0,0,0,0,0.225333977144697,0,0,0,0,0.853138330286411,2.13027106867212,2.55843218568029,0,0,0,0,0,0,0,0,0.626597942451856,0,0,0,0.371057513914657,0,0,0,0.225333977144697,0,0,0,0,0,0,0,0,0,0,0,0,0,0,0,0,0,0,0,8.98140591650905,0,6.5761976056724,0,1.34400035780376,0.371057513914657,0,0,0,0,0,0,0,0,0,0,0,0,1.64289021210689,0,0,1.39272816211965,0,0.257524545308225,0,0,0,0,0,0,0,0,0.325005078204347,0.515049090616449,2.08366544224471,0,2.89544463234058,0,0.309214594928881,1.15456263513877,0,0,0,0,0,0,0,0,0,0,0,0,0,0,0,0.225333977144697,0,0,0,0,0,1.79072085959712,0,0,0.304692260816575,0,0,0,0,0.690635791184237,0,3.32666198248424,2.61902403838345,0,4.80870509690694,0,0,0,0,0,0,1.21670704306537,0,0,1.48710162499815,0,0,0,0,0,0,0,0,0,0,0,0,0,0,0,0,0,0,0,0,0,0,0,0,0,0,0.93,0,0,0,0,0,11.1333333333333,0,0,0,0,0,0,0,0,0,0,0,62.8533333333333,0,0,0,5.96666666666667,15.9033333333333,3.21,0,0,0,0,0,0,0,0,0,0,0,0,0,0,0,0,0,0,0,0,0,0,0
GRC,am,T21,0.01,UnP,0.303951367781155,0,0,0,0,0,0,0,1.12715298885512,0,0,0,0,0,0,11.3769083768302,0,0.215298885511651,7.68099770352013,0,2.40630612824302,0.253292806484296,0,0,0.265957446808511,0,0,0,0,3.25101472136551,0,0,0,0,0,0,1.80401839317525,2.15298885511651,0,1.40248395218339,0,0.626709157302058,0,2.11202549913233,0.794581216621076,0,0,0,0,0,0,0,0,0.683890577507599,0,0,0.29128672745694,0,2.80835686445208,0,0,0,0.683890577507599,0,0,2.04006118710929,1.18501737911331,6.95832852790065,0,0,0,0,0,0,0.182362902175329,0,0.417933130699088,0,0,0,0,0,0,0,0,0,0,0,0,0,0,0,0,0.696555217831814,0.795593635250918,0,0,1.62866086795398,0,0,0,0.50999592003264,0.92451874366768,0,0,0,2.55899388894927,0,0,0,0.979192166462668,0,0,1.70949392283281,0.234466588511137,0,0,0,0,0.759878419452888,0,1.28518971848225,0.729451608701316,0,0,0,0,0,0,0,0,0,0,1.89969604863222,2.5499796001632,0,0,0,4.89195747419564,0,0,0,0,0,0,0,3.99895792627328,1.68704790179308,0,19.4764870954889,1.65906788247214,0,0,0,0,0,0,0,1.67105521423754,0,0.713775874375446,0.201155019142171,0,16.4819354107317,0.266043734994484,0,0,0,0,1.00577509571086,0,0,0,0,6.61802679222254,0,0,0,0,0,0,0,0,0,0.240088248653559,0.259403372243839,0,0,0,0,0,0,0,0,0,0,0,0,0,0,0,0,0,0.207643890727403,0,0,0,0,0,0,0.713775874375446,0,0,1.59602002410224,0,0,0,0,0,0,0,0,0,6.13121104309999,0,0,14.9745628659301,0,0,0,0,0,0,0,0,0,0,0,0,0,0,0,0,0,0,0,0.253065991824022,0,0.467047262971242,0,0,0,0,0,0,1.14165509652891,0,0,0,0.466926070038911,0,0,4.37970119377563,0,0,0.201155019142171,0,0.220621633897865,0,0,0,0,0,0,1.49892933618844,0.765239948119326,0,2.33013944509291,0,0,0.557846017814856,0,0,0.998702983138781,0,1.91437285056129,0,0,0,0.921212121212121,0,0,0,0,15.9238171127955,4.84848484848485,1.06381136118094,0,0,2.18674972422296,8.78004952246197,0,0,0,0,0,0,0,0,0,0,0,0,0,0,0,0,0,0,0,0,0,0,0,0,0,0,0,0,0,1.1,0,0.696666666666667,0,1.17333333333333,0,0.393333333333333,0,0,24.0933333333333,0.81,0,0,0,0,0,0,0,0,0,0,59.8966666666667,0,0,0,0,6.91333333333333,0,3.07,0,0,0,0,0,0.286666666666667,0,0,0,0,0,0,0,0,0,0,0,1.26666666666667,0.31,0,0,0,0
GRG,am,T21,0,UnP,0,0,0,0,0,0,0,0,0,0,0,0.871613663133098,0,0,0,0,0,0.251572327044025,3.00743281875357,0,0.365923384791309,0,0,0,0,0,0,0,0,5.65824550948142,0,0,0,10.1920554738364,0,0,0,0,0,0.205831903945111,0,0.274442538593482,0,5.25991647034402,0,0,0.205831903945111,0,0,0,0,0,0,0,0,0,0,0,0,0,0,0,0,0,0,0,0,1.34982736222819,3.77650528067557,0,0,0,0,0,1.76100628930818,0,11.4701069108022,0,0,0,0,0,0,0,2.86870322425278,0,0,0,0,0,6.61457107112911,0,0,0,0.43453401943968,0,0,13.6192109777015,2.04729603736156,0,0,0,0,0,0,0,0,0,0,0,0,0,0,0,0,0,0,0,0,0,1.20141342756184,0,0,0,0,0,0,0,0,0,0,0.811892510005718,0,0,1.5739635167597,0,0,0,3.52201257861635,0,0,0,0,0,0,0,13.4041259316278,9.25196486866231,0,0,0,0,0,0,0,0,0,0,0,0,0,0.836030204962244,0,35.6289014795075,7.13169357137937,0,0,0,0,0,0,0,0,0,2.50271540682911,0,0,0,0,0,0,0,0,0,0,3.03228148109587,0,0,0,0,0,0,0,0,0,0,0,0,0,6.18244360546078,0,0.728155339805825,0,0,0,0,0,0,0,0,0,0,0,0,0,0,0,0,0,0,0,0,0,4.75811683002042,0,0,2.63459335624284,2.21512214731715,0,0,0,0,0,0,0,0,0,0,0,0,0,0,0,0,0,0,0,0,0,0,0,0,0,0,0,0,4.32534102457677,0,0,0,0,0,0.809061488673139,0,0,0,0,0,0,0,0,0,0,0,0,0,0,0,1.89431733719716,0,0,0,0,0,2.04166919724326,0,0,0,0,0,0,0,0,0,0,25.2795575296885,0,0,0,0,0,0,0,0,0,0,0,0,0,0,0,0,0,0,0,0,0,0,0,0,0,0,0,0,0,0,0,0,0,0,0,0,0,0.61,2.25,2.54,0,6.49,13.48,0,3.63,0,0,3.58,0,0,0,0,0,0,0,0,10.55,0,1.27666666666667,9.52666666666667,0,34.54,0,10.8466666666667,0,0.686666666666667,0,0,0,0,0,0,0,0,0,0,0,0,0,0,0,0,0,0,0,0
RCA,am,T21,0,UnP,0,0,0,0,0,0,0,0,0,0,0,0,0,0,0,0,0,0,1.4550450494912,0,2.66385366953341,0,0,0,0,0,0,0,0,1.12555451017942,0,0,0,7.48327675588159,0,0,0,0,0,0.84015342717612,0,0,2.29697221543799,18.9728823152776,0,0,0,0,0,0,0,1.42210070294254,0,0,0,0,0,0,0,0,0,0,0,0,0,2.41896791823117,0,11.2720067113695,0,0,0,0,0,0,6.33283729802714,0,3.43166154835654,0,0,0,0.25,0,1.57663043987209,0,0,0,0,0,0,0,0,0.209863588667366,0,0,0,0,0,0.663930688554492,0.815778077582904,0,0,0,0,0,0,0,0.5655933766171,0,0,0,0,0,0,0.633733649962909,0.226190476190476,0,0,0.238095238095238,2.36410278257573,0.513207608624845,0,0,0,0,0,0,0,0,0,0,0,0,0,8.60500376077939,0,5.8127245733046,0,0,16.1198195580078,0,0,0,0,0,0,0,1.22261779843102,0.467396260829913,0,0,0,0.0762278122617881,0,0.0762278122617881,0,0,0,0,1.14175169095907,0.178449587991392,0,0.136461449640477,2.03368287257706,8.20632341569322,0.377867014740987,0,0,0,0,1.01386344826709,0,0,0.278420039576324,0,8.33217545063208,0,0.696692183104796,0.0980071871937275,0,0,0,1.54923684407007,0,0.260638895349119,1.19282268031196,0,0.0871174997277578,0.150074911153196,0,0,0.12180913038873,0,0,0,0,0.141565937057606,0,0,0.152455624523576,0.231837866145998,0,0,0.0980071871937275,0,0.98041160222105,0.125231405858652,0.0653381247958184,0,0.0653381247958184,0.622466263701935,0,0,0.601490001297973,0.828400465378146,0,0.514564689332502,0,0,0,0,0,0,3.29272318492392,0,1.97560257306336,0,8.60666812208533,7.62609562798509,0,0,0,0,0,0.53581501485102,0.0980071871937275,0.395458031554305,0.268434891642634,0,0.12180913038873,0,0,0.132401228683402,0.680841229814191,0.315081133653734,0,0,0.0707829685288032,0,1.59273091730113,0,0.0925623434607427,0,1.28914353486168,0.0762278122617881,0,0,1.39263275993979,0.63076984370053,0,0.330481564510558,0,0,1.15135407993667,0.60437765436132,0,0,0,0,0.225856339658038,0,0,0.163345311989546,0,0,0,0.524325384333541,0,1.13521775327308,0.0653381247958184,0,0,0.0980071871937275,0.232075525413356,0.97264121031271,0,0.469352036267104,0,0,0.759627502789812,0.15220700152207,0,0.230934760930037,0.587833772640697,0,12.834564500584,0,1.29800984578034,0,0,16.1232159033892,0,0,0,0,0,0,0,0.0925623434607427,0.545739606848689,0,0.880583746196534,0,0.485240809741193,0,0,0,0.130676249591637,0,0,0,0,0,0.0762278122617881,0,0,0,0.0925623434607427,0.108896874659697,0,0,0.21,0,0.156666666666667,0,9.15666666666667,0,0,0.493333333333333,1.14,0,5.64666666666667,2.08,0,0,0,0,0,0,0,0,0,0,11.0566666666667,0,0,0,10.93,1.74666666666667,10.63,45.7866666666667,0,0,0.956666666666667,0,0,0,0,0,0,0,0,0,0,0,0,0,0,0,0,0,0,0
RGA,am,T21,0.09,UnP,0,0,0,0,0,0,0,0,1.10350298513487,2.40605569072722,0,0,0,0,0,0,0.459674049310489,0,0,0.912902283075091,0,0,0,0,0,0,0,0,0,4.2848491943806,0,0,0,20.3369279230438,0,0,0.820926404364717,0,0,0,0,0.417885499373172,0,2.14482755676834,0,0,0,0,0,0,0,0.376096949435855,0,0,0,0,0,0,0,0,0,0,0,0,0,5.19557088553322,15.5858410843751,1.24160797459744,0,0,0,0,2.24196924976852,0,0,0,0,12.5898511029855,0,0,0,0,0,0,0,0,0,0,0,0,0,0,0,0,0,0,0,0,5.00677357995447,0,0,0,0,0,0,0,0,0,0,0,0,0,0,0,0,0,0,0,2.23491911963266,4.36019604389721,0,0,0,0,0,0,0,0,0,0,0,0,4.25854364454622,9.97603218470388,1.41930251419303,0,0,0,0,0,0,0,0,0,0,0,0,1.86878273929559,0.756961340902947,0,0,0,0,0.490640442602631,0,0,0,0,0,0.286570274846945,0,0,25.4391629022968,8.03048065650645,5.04915969484141,0,0,0,0,0.162824019799401,0,0,0,0,2.24680118953628,2.0007550018875,0.351168722615765,0,0,0,0,0,0,0,4.24717218927936,0,0.397290608310538,0,0,0,0,0,0,0.440602031912539,0,0.420746015681785,0,0,2.15879107699688,1.01602188354826,0.799552250739586,0.325648039598802,0,0,0.39940743773561,0,0,0,0,0,0,0,0,0,0,0,0,0,0,0.594582235198777,0,0,0,3.28613893193502,0,0,0,0.169336980591377,2.18950547376368,0,0.446797858849689,0,0,0,0,0,0,0,0,0,0.49980139297062,0,0,0.437319774626873,2.39713099282748,0,0.117233294255569,0,0.149798098215449,0,0,0,0.234466588511137,0,0,0,2.42619896828077,3.64950014725317,0,0,0.195388823759281,0,1.05821943306902,0,0,0,0.851552829516682,0,0,0,0,0,0,0,2.51272651910475,0,0,0.678033743854516,0,0,0,0,0,2.1108257531312,0,0,0,0,0,2.13288033220083,0,0,0,0,16.2417947864007,0,0,0,0,0,0,0,0.201901784551257,0,0,0,0,0,0.0976944118796405,1.87911026175479,0.117233294255569,1.06203285050563,0,0,0,0,0,0,0,0,0,0,0,0,0,0,0,0,0,0,0,0.3,0,1.6,16.3033333333333,0,0,0,11.56,0,5.64666666666667,0,0,10.5233333333333,0.293333333333333,0,0,0,0,0,0,0,0,0.62,0,0.216666666666667,13.61,0,33.63,0.993333333333333,0,0,0,0,0,0,3.02,0,0,0,0,1.15,0,0,0,0,0,0,0,0.27,0.27,0
RMO,am,T21,0.21,Med,0,0,0,0,0,0,0,0,0,0,0,0,0,0,0,2.43258141151769,0,2.91888494528246,32.2366396225956,0,1.14248658337696,0,0,0,0,2.20657103421079,0,0,0,0.849809226500173,0,0,0,3.03312796110315,0,0,0.416233090530697,0,0,0,0,2.65551854064402,0,7.58731500110337,0,0,0.138026224982747,0.797780090183836,0,0,0,0,0,0,0,0.28591146603569,0,0.502948317724592,0,0,0,0,0,0,0,2.45343307661933,0.711064862989941,2.32611160406191,0,1.64399092970522,0,0,0,0,0.572320499479709,0,7.83498943772113,0,0,0,0,0,0,0,0,0,0,0,0,0,0.571602360952223,0,0,0,0,0,0.711064862989941,0.187321305333728,0,0,2.48745424816385,0,0,0,0,0,0,0,0,0,0,0,0,0.197180321403924,0,0,0,0,0,0,1.5810044100887,0,0,0,1.0980479148181,0,0,0,0,0.147885241052943,0,0,0,1.5523128523303,0,0,0,0,5.41978120781257,0,0,0,0,0,0,0.72840790842872,3.67445387873287,8.89773956152308,0,0,0,0,0,0,0,0,0,0.999322493224932,2.14026386364384,0,0,1.51482060747817,0,18.2452515816319,0,0,0,0.308107067205854,0,0,0,0,0,0,5.83697331774011,0,0,0,0,0,0,0,0,1.19243540788961,0.873983739837398,1.29463090558115,0,0,0,0,0,0,0,0,0,0.269593683805122,0,0,0,0,0,0,0,0,0.426829268292683,0,0,0,0,0,0,0,0,0,0,0,0,0,0.269593683805122,0,0,0,0,4.54457924128635,8.38753387533875,0,13.5026748014447,0,0,0,0,0,0,0,0,0,0,0,0,0,0,0,0.442903909108415,0,0,0,0,0,0,0,0,0,1.39086739654225,0,0,0,0,0,0,1.63158778468201,0,0,0.616531165311653,0,0.346620450606586,0,0,0,0,0,0,0,0,0,1.23983739837398,0,0,0,1.57183920192755,0,0,0,0,0.338753387533875,1.96306707434492,0,0,0,0,0.389566395663957,0,0,1.64941196639003,0,0,18.6307846397355,0,1.11688811862122,0,0,8.1522499800388,0,0,0,0,0,0.365877142306952,0,0,0,0.346620450606586,0,0,0,0,0,0,0,0,0,0,0,0,0,0,0,0,0,0,0,0,0,0,0,1.95666666666667,0,0,0,0,0,8.55333333333333,0.366666666666667,3.26333333333333,0,0,0,0,0,0,0,0,0,0.86,0,0,0,6.21333333333333,28.5066666666667,30.4933333333333,4.04333333333333,0,0,15.7466666666667,0,0,0,0,0,0,0,0,0,0,0,0,0,0,0,0,0,0,0
RPE,am,T21,0.005,UnP,0,0,0,0,0,0,0.830981498902477,0.658513640639699,6.62509303441423,1.24175397749321,0.562248995983936,0,1.17269076305221,0,0,0.439787867028845,0,0.323373431638857,3.0789105400026,0,0.194024058983314,0,0,0,0,1.06149393850139,0,0,0,10.0218522254587,0,0,0,5.04407847759807,0,0,0.633811926012159,0,0,0.853705859526581,0,0.628176656957672,0,1.5263225973354,0,0,0,0,0.401606425702811,0,0.27163368257664,0,0,0,2.45951633438741,0,0.297899027908435,0,0.809257727051196,0,0,0,5.32641950681371,0,0,2.07628633064714,8.35287200256279,0,0,0,0,0,0,0,0.955762844416235,0,2.61950908053663,0,0,0,0,0,0,0,0.385542168674699,0,0,0,0,0,0,0,0.659681800543267,0,0,0.808487005406386,0,3.77832685398225,2.40669923343421,0,0.232828870779977,0,0,0,0.481927710843373,0,0,0,0,0,0,0.893697083725306,0.706827309236948,0,0,0,0,0,0,0,0.206958996248868,0.819277108433735,1.37110335014875,0,0.533082470994042,0,0,0,0.465657741559953,0,0,0,0,3.21236781557084,2.14439696698364,0.400983055232182,0,0,1.75915146811538,0,0,0,0,0,0,0,1.73328159358427,1.92312283670966,0,13.6075540033631,0,0,0,0,0,0,0,0,0,0,0,0,0,22.6311757399164,0,0,0,0,0,0,0,0,0,0,0,0,2.33768319235256,0,0,0,0,0,0,0,0,0,2.82063784041182,0,0,0,0,0,0,0,0,0,0,0,0,0,0,0,0,0,0,0,0,0,0,0,0,0,0,3.76802196571843,0,0,0,0,0,0,0,0,0,0,4.25339366515837,0,38.983866043123,0,0,0,0,0,0,0,0,0,0,0,0,0,0,0,0,0,0,0,0,0,0.683060109289617,0,0,0,0,0,0,0,1.946209771722,0,0,0,0,0,1.72922384590658,0,0,0,0,0,0,0,0,0,0,0,0,0,0,0,0,0,0,0,0,0,0.633484162895928,0,0,0,0,0,0,0,0,0,11.0446801671488,3.28435609334486,4.90466260324213,0,0,0,0,0,0,0,0,0,0,0,0,0,0,0.979544799769519,0,0,0,0,0,0,0,0,0,0,0,0,0,0,0,0,0,0,0.926666666666667,0,0,0,4.33333333333333,0,0,0.476666666666667,1.19333333333333,0,5.57666666666667,0,0,0,0,0,0,0,0,0,0,0.456666666666667,0.42,0,0,0,24.97,48.05,6.16333333333333,6.7,0,0,0,0,0,0,0,0,0,0,0,0,0,0.733333333333333,0,0,0,0,0,0,0,0
GRC,av,T21,1.08,Ext,0,0.398803589232303,0,0,0,0,0,0.432037221668328,4.91857760053174,0,0,0,0,0,0,0.852311921609944,0,0.301091456529921,4.19022562061474,0,0.86604629875594,0,0,0,0,0.213273115042027,0,0,0,0,0,0,0,3.70555001661682,0,0,1.19501487081027,0,0,1.07681755510822,0,0.645515725861832,0,2.10820437037902,1.3474059783154,0,0,0,0,0,0,0,0,0,0,0,0,0.661219541356577,0,0,0.213273115042027,0,3.38983050847458,0,0,0,15.6589051233946,0,0,0.213273115042027,0,0,0,0,0.648055832502493,0,1.09670987038883,0,0,0,0,0.398803589232303,0,0,0,0,0,0,0,0,0,0,0,0,0,0,0,3.21710893109871,1.69491525423729,0.213273115042027,0.250909547108267,0,0,0,0,0,0,0,0,0,0,0,0,0,0.57684384013185,0.250909547108267,0,0,0,0,0,0,0,2.43135693216712,0.980392156862745,0,0,0,0,0,0,0,0,4.16807537492903,0.233484411481939,0,0,0,4.37606616527144,0,0,0,0,0,0,0,3.87728135008566,0.997008973080758,0,32.2014283648849,0,0,0,0,0,0,0,1.50171377830204,5.22930593959992,0,0,3.70971460513972,0,16.7411657817086,0,0,0,0,0,0,0,0,0,0,0.459770114942529,0,0,0,0,0,0,0,0,0,0,1.84282589724122,0,0,0.629979618306467,0,0,0,0,0,0.574393181397073,0,0,0,0,0,0,0,1.55554318157985,0,0,0,0,0,0,0,3.40741467812183,0,0,0,0,0,0,0,0,0,0,0,0,51.1697625337053,0,1.07869142351901,0.333518621456365,0,0,1.83535046203496,0,0,0,0,0,0,0,0,0,0,0,1.47239448636142,0,0,0,0,0,0,0,0,0,0,0,0,0,0,0,0,0,0.443369609028617,0,0,0,0,0,0,0,0,0,0,0,0,0,0,0,0,0,0,0,0,0,0,0,0,4.09908256096485,0,0,0,0,0,0.352047433759496,1.17580080762335,0,0,0,0.548187444739169,0,1.04421187229843,0,0,0.795755968169761,0,0,0,0,0,0,0,0,0,0,0,0,0,0,0,0,0,0,0,0,0,0,0,0,0,0,0,0,0,0.116666666666667,0,0,0,0.473333333333333,0,0,0,11.71,5.88666666666667,0,0,0,0,0,0,0,0.2,0,0,0,78.01,0,0,0,0,2.58,0,0,0,0,0,0,0,1.02333333333333,0,0,0,0,0,0,0,0,0,0,0,0,0,0,0,0,0
GRG,av,T21,0.01,UnP,0,0,0,0,0.0869187309865276,0,0,0,0.901803607214429,0,0,0,0,0,0,0.691294015986174,0,0.756102829984878,7.60423417584791,0.501002004008016,1.17736012097645,0,0,0,0,0,0,0.226830848995463,0,9.53573814295257,0,0,0,9.94136685555167,0,0,0,0,0,0,0,0.453661697990927,0,1.79327113938397,0,0,0,0,0,0,0,0,0,0,0,0,0,0,0.83500334001336,0,0,0,0,0,0.205227910995895,0.529271980989415,5.0118599696693,0.980173784596629,0,0,0,0,0,0,1.78224238496435,0,2.41637952941961,0,0,0,0,0,0,0,0,0,0,0,0,0,0,0,0,0,0.345647007993087,0,0,4.80665370490387,0,0,0,0,0,0,0,0.205227910995895,0,0,0,0,0,0,0,0,0,0.388852883992223,0,0,0,0.567802271209085,0,0,0.259235255994815,0,0,0.0977835723598435,0,0.315080399826163,0,0.108648413733159,0,11.5601912212082,0,3.961519929035,0.130378096479791,0.206431986093003,0.831713112983366,0,14.2040725622127,0,0,0,0.152107779226423,0.184702303346371,0,0,7.48089745420501,8.27900912646675,0.484301937207749,0,0,0,0,0,0.932330557808358,0,0.401088669245094,0.595732889997229,1.89790699692804,0,0,28.4227582628522,0,9.85671652609589,0,0,0,2.53727394576298,0.44406245523564,0,0,0,0,0,3.62656363436536,0,0,0,0,0,0,0,0,0,0,0.717051007406785,0,0,0,0,0,0,0,0,0,0,0,0,0,0,0,0,0,0,0,0,0,0,0,0,0,0.87369261141681,0.401773344416736,0,0,0.193959545580493,0,0,0,0,0,1.32071999104378,0,0,23.9983780150381,0,0.401088669245094,0,0,0,0,0,0,0,0,0,0,0,0,0,0.193959545580493,0,0,0,0,0,0,0,0,0,0,0,0.936230783400568,0,0,0.221668052091992,1.48487532871783,0,0,1.16061323457509,0,0,0.401773344416736,0,0,0,0,0,0,0,0.358114883254548,0,0,0,0,0,0,0,0,0,0,0,0,0,1.29191613855157,0,0.623441396508728,0,0,0.457190357439734,0,0,1.76945598103084,0,0,0.27708506511499,0,0,0,0,11.5568577743824,0,0,0,0,0,1.61015872593295,0,0.512607370462732,0,0.522954896100245,0,0,0,0,0,0,0,0,0,0,0,0,0,0,0,0,0,0,0,0,0,0,0,3.45666666666667,0.703333333333333,0,0,0,0,5.58,0,0.32,0,0,0,0,0,0,0,0,0,1.40666666666667,0,0,0,16.06,0,71.5766666666667,0,0,0,0.896666666666667,0,0,0,0,0,0,0,0,0,0,0,0,0,0,0,0,0,0,0
RCA,av,T21,0.61,Med,0,0,0.194363459669582,1.66295371217615,0,0,0,0,0,1.36535326781906,0,0,0,0,0,0,0,0,0,0,0.15255530129672,0,0,0,0,0.170068027210884,0.587254088398253,0,0.157920310981535,0.87463556851312,0.795706418458952,0,0.619944510104693,7.42441815411507,0,1.84645286686103,0,3.30011432239051,1.1900797485489,8.31788492800495,0,3.48639455782313,0.944381977399303,20.4889843884847,0,0,0,0.587254088398253,0,0,0,1.28090728835603,0,0,0,0.373197686045022,0,0.510204081632653,0,0,0.340136054421769,0,0,0,0,0.747925543843911,0.904462798522482,0,0,0.692419825072886,0,0,0,0,3.11921406478451,0,0.194363459669582,2.10540685205608,0,0,0,0.194363459669582,0,0,0.680272108843537,0,0.418078162439065,0,0,0.41407867494824,1.90275061416424,0,0.71013654537682,0,0.510204081632653,0,0,1.95073591083025,0.716715257531584,0,0.194363459669582,0,0,0,0,0,0,0.415491667534819,0,0.87463556851312,0,0,0,0,0,0,0.757292179325524,0,0.854919959786163,0,0,1.32410106899903,0,0,0.230806608357629,0,0.167451596023025,0,0,0.230806608357629,0,0.291545189504373,0,0,7.27917414859926,0,0,0.396715630452146,0.827763901597554,0,0,0.479579263495576,0,0,0.240711669283098,0.194363459669582,0,13.3079858543362,0,0,0,0.0936768149882904,0,0,0.0729965065957558,0,0.184672206832872,0,1.30125265576301,0,6.42020124255705,8.31564167630541,0,33.1270262064111,1.0683329490617,0.319983161815958,0.427209063191554,0,0,2.43089121313058,0,0.125136868449867,0.166204986149584,0.421819190657033,4.347232176904,0,0.642561337200094,0,0.747695846776113,0,0,0.0729965065957558,0,0.0886386151519892,3.40564094799371,0,0,0,0,0,0,0,0,0,0,0.895940075318592,0,0,0.333405255284462,0,0,0.203171574881924,0.0782105427811669,0,0.221606648199446,0,0,0.151207049376923,0,0,0,1.62489737006754,0.0886386151519892,0.218579234972678,2.16266468104998,0,0,0.140515222482436,0,0,0,0.599412543489388,0,1.00061003787026,1.63052139340675,1.9596570360854,0,2.18858619394041,0,0,0.421545667447307,0,0,0,0,0,0.516189582355702,0,0,0.0782105427811669,0,0.757274483185744,0.223783502472027,0,0,1.44276410833326,1.67742981207267,0,0.573547504969627,0.0936768149882904,0,0,0.658717783313518,0,1.39893168248871,0,0,0.505458680716968,0,0,0,0,0.182286124082095,0.25854108956602,0.223959338821137,0,0,0.854218964251768,0,0,0,0,0,0.275194230069563,0.348685922456414,1.55740227762388,0.437158469945355,0.265915845455967,0,0,0,0,0,0.41243459526008,1.07331972799582,0.744844567559249,0,0,0,0,0,0.255194712503295,0.240073868882733,0,1.16181181285689,1.46539774803705,0.15389350569406,0.786557506484271,0,0.150923757481135,1.01627198145941,0,0,0.187519697639629,0,0,0,0,0,0,0.380360887011347,0,0,1.48971216323993,0.140515222482436,0,0,0.0886386151519892,0,0.1407789770061,0,0,0.083424578966578,0,0,0,0,0,0,0,0.13,0,0.44,0,0,0,1.73,0,3.92333333333333,0,9.56,1.35333333333333,0,0,0,0,0,0,0.13,0,0,0,40.5933333333333,0,0,0,9.75666666666667,1.80666666666667,4.88333333333333,2.57,0.553333333333333,0,22.0866666666667,0,0,0,0,0,0,0,0.266666666666667,0.22,0,0,0,0,0,0,0,0,0,0
RGA,av,T21,1.74,Ext,0,0,0,0,0,0,0,0,0.170010200612037,1.33513685383887,0,0,0,0.112120192846732,0,0,0,0,0,0,0,0,0,0,0,0,0.567338652460612,0,0,0,0,0,0.134544231416078,4.51114713718182,0,0.134544231416078,0,0.156968269985424,2.458148574471,1.57748392353294,0,0.816016264722596,0,15.6656476086103,0,0,0,0,0,0,0,1.05723040521198,0,0,0,0.796107111640488,0,1.00481698138837,0,0,0,0,0,0,0,0,6.15386437584146,0,0,0,0,0.112120192846732,0,0,2.97019968738958,0,1.83617991435323,0,0,0,0,1.15337966719284,0,0,0,0,0.112120192846732,0,0,0,1.01801531745787,0,0,0,0,0,0,2.6006171657474,0.26748184944593,0,0,0,0,0,0,0.112120192846732,0,0,0,0,0,0,0,0,0,0,2.38891118619165,0,1.03707726395095,0,1.44079135994409,0,0,0,0,0,0,0,0,0.71489154524204,0.192678227360308,0.508810660941484,0,0,5.34776804104133,0,0,0,0.30569354222392,0.810193246643571,0,0,0,0.688318565538802,0.942473332788552,0.369379696853904,0,34.6531701043449,0,3.76648403163069,0,0,0,0,0,0,0.159465789604824,0.113398985377499,1.46268408510985,4.1632476388719,0.34836743641121,3.19879517726059,32.0083909831667,0,1.26036686558619,0,0,0,0,0.287275161516874,0,0,0,0,1.76229788240501,0,0.753182780448466,0,0.384824123042985,0,0,0.528635516855597,0,0.171228533026715,1.39721046273739,0,0,0,0,0.0647829770269597,0,0,0,0,0,0.207038738935399,0,0,0,0.889565595886029,0,0,0.980717330928607,0,0.201128368577619,0,0,0.113398985377499,0,0,0.609577480225241,0,0.0847162007275627,1.30595958358762,0,0.0697662829521104,0.107430617726052,0.404064397028448,0,0,0.507878097624274,0.0797328948024119,0,0.964344626316457,5.20546589694443,4.27329645442128,0,5.54282063822311,0,0,0,0,0,0.458753239316151,0,0,1.23727112151907,0,0,0.395187313190159,0.359435104575143,0.298185509453115,1.0013536122209,0.604022362523977,0,0,0.742453872114565,0,1.53229145045046,0,0,0.0954938824231573,0.368590646580152,0,0,1.0096423914566,2.47965307185225,0.149209191286183,0,0,0,0,0.119367353028947,0.234215378482085,0.222053038954447,0,0.336251744702449,0.265737353723576,0,0,0,0,0.39335109757645,0,0,0,0.412384215201117,0.0697662829521104,0,0,0,0,0,0,3.03215053101202,0,0,0.113398985377499,0,0.159465789604824,0,0.479034446778761,0,1.6950293700592,0,1.69556535533222,0.469483568075117,0.0954938824231573,0,5.73271677261094,0,0.176211838951866,0,0.0847162007275627,0,0,0,0.404226860607832,0.159465789604824,0,1.32821463742945,0.228397411496003,0.882449345275244,0,0,0.0895255147717099,0,0.375370084076892,0,0,0,0,0.308674980891007,0,0,0.0946828125778642,0,0,0,0,0,0,0,0,1.41,0,0,0,1.31666666666667,0,4.75333333333333,0.2,0,0,0,0,0,0,0,0,0,0,2.5,0,0,30.5133333333333,48.7233333333333,0.256666666666667,4.72,0,0,0,5.04,0,0,0,0,0,0,0.566666666666667,0,0,0,0,0,0,0,0,0,0,0,0
RMO,av,T21,0.18,Med,0,0,0,0,0,0,0,0,0,0,0,0,0,0,0,0.293450713618781,0,0,3.64409790318768,0,0.995592956654609,0,0,0,0,0.478547854785479,0,0,0,4.03725632643527,0,0,0,8.09948550909771,0,0,0,0,0,0,0,2.04206435049267,0,10.6208294251935,0,0,0,0.888196862903577,0,0,0,0.320128051220488,0,0,0,0,0,0.240096038415366,0,0.695816280307503,0,0,0,0,0,2.10752948043904,6.89806615715593,0.720288115246098,1.66949632144878,0.462046204620462,0,0,0,0,1.42490659630189,0,17.3186061617798,0,0,0,0,0.346805388822196,0,0,1.32993774759479,0,0,0,0,0,3.8885828051292,0,0,0,0,0,0.426837401627318,0,0,0,3.08647551429813,0,0,0,0,0,0,0,0,0,0,0,0,0,0,0,0,0,0,0,2.04273551049404,0,0,0,0.923676401253571,0,0,0,0,0.25343470721622,0,0,0,1.95749586963498,1.92693942319429,0,0,1.38653084323713,3.22096495363822,0,0.933786078098472,0,0,0,0,1.30032210904164,0.933706816059757,13.0852671213554,0,0,0,0,0,0,0,0,0,0,1.19561003557669,0,0,7.47885838490589,0,21.794190849507,0,0,0,0,0,0,0,0,0,0,4.27042138245651,0,0,0,0,0,0,0,0,0,0.4396482813749,0.882212684787792,0,0,0,0,0,0,0,0,0,0,0,0,0.643776824034335,0.399680255795364,0,0,0,0,0.734033772420581,0,0,0,0,0,0,0,0.542766236196893,0,0,0,0,0,0,0,0,0.339728217426059,0,1.17562602278692,0.399680255795364,1.33026625909573,2.16079947670572,0,0,0,0,0,0,0,0,0,0,0,0,0,0,0,0,0,0,0,0,0,3.33224895432652,0,0,0,0.617630544637844,0,0,0,0,0.319744204636291,0,1.86192403225957,0,0,0.899942595053659,0,0,0,0,0,0,0,0,0,0,0,0.898371701291409,1.040283652906,0,0,2.3022098691991,0,0,0,0,0,1.26259507415527,1.04810031817331,0,0,0,1.08837130183557,0,0,0,0,0,26.1270590634461,0,0,0.399680255795364,0,13.7223742464051,0,0,0,0,0,0,0,0.411753696425229,0,0.880411550587856,0,0,0,0,0,0,0,0,0,0,0,0,0,0,0,0,0,0,0,0.156666666666667,0,0,0,5.20333333333333,13.36,0,0.413333333333333,0.86,0,3.80333333333333,0,10.8433333333333,0.16,0,0,0,0,0,0,0,0,0,0,0,0,10.8566666666667,0,38.67,12.9333333333333,0,0,2.73666666666667,0,0,0,0,0,0,0,0,0,0,0,0,0,0,0,0,0,0,0
RPE,av,T21,1.23,Ext,0,0,0,0,0,0,0,0,0,1.8672135454401,0,0,0,0,0,3.74329889288369,0,2.02130218703436,20.6369238234721,0,0.690147680368115,0,0,0,0,2.0820332633812,0,0,0,0,0,0,0,0.634590977270105,0,0,1.57692499904377,0,0,1.55006350608372,0,1.37698193276641,0,4.66887529648359,0,0,0,0,0,0,0,0,0,0,0,0,0,1.18946412413266,0,0,0,0,0,0,0,0,6.85369931885841,2.15760932271836,0,0.841784983509815,0,0,0,0,0,0,1.24914690650721,0,0,0,0,0,0,0,0,0.339663424424888,0,0,0,0,0,0,0.401420410683959,0,0,0,0,0,0,0,0.4384446752048,0,0,0,0,0,0,0,0,0,0,0,0,0,0,0,0,0,0,0,0.380754586362063,0,5.11554866140616,0,0.369216568593516,0,0,0,0.746535033828143,0,0,0.361663652802893,0,0.369216568593516,0.416859657248726,0.286317058468957,0,0,3.69443255702273,0,0,0,0,0,0,0,4.08985053644301,2.70220167495297,0,27.1478141740101,0,0,0,0,0,0,0.154858691444057,0.893655049151028,5.65837302557243,0.315248050439688,0,2.86674812554609,5.03244781859648,13.5480746972112,0.337370720645982,0,0,0,0,0.138266688789337,0.188042696753498,0,0,0,1.02901565815159,0,0.0940213483767491,0,0,0,0.165920026547204,0,0,0,0.259941374923953,1.27414113538633,1.01764282948952,0,0,0,0,0,0,0,0,0.0774293457220287,0,0,0,0,0,0,0.76784487779826,0,0,0,0,0,0,0,4.27772436931889,0,0,0,0,0.105082683479896,0,0,0,0,0,0,0,47.2006492610336,0,2.71679380077449,0.419412822049131,0,0,0.0829600132736021,0,0,0.447984071677451,0,0.14379735634091,0,0,0,0,0.0995520159283226,0,0.138266688789337,0.210165366959792,0,0,0,0.0718986781704552,0,0,0,0,0,0.0884906808251756,0.0829600132736021,0,0,0,0.309717382888115,0,1.09016118101656,0,0,0,0.25441070737238,0,0,0,0.0829600132736021,0,0,0.0829600132736021,0,0,0,0,0.315248050439688,0,0,0,0,0,0,0,0.298656047784968,0,0,0,0,0,0,0.453514739229025,1.13433686136995,0,0,0.419412822049131,1.6260162601626,0,0.918713800679049,0,0.39820806371329,0,0,0,0,0,0,0.392677396161717,1.54393322092591,0.149328023892484,0,0.154858691444057,0,0,0,0,0,0.265472042475527,0,0,0,0,0,0.121674686134616,0,0.0829600132736021,0,0,0,0,0,0,0,0,0,1.24333333333333,0,0,0,8.06,3.40666666666667,11.76,0,0,0,0,0,0.256666666666667,0,0,0,0,29.1966666666667,0,0,0,0,12.0466666666667,33.4366666666667,0,0,0,0,0,0.393333333333333,0.193333333333333,0,0,0,0,0,0,0,0,0,0,0,0,0,0,0,0,0
